"Time (s)","Heat Pipe TC-01","Heat Pipe TC-02","Heat Pipe TC-03","Heat Pipe TC-04","Heat Pipe TC-05","Heat Pipe TC-06","Heat Pipe TC-07","Heat Pipe TC-08","Heat Pipe TC-09","Heat Pipe TC-10"
15001.082,23.961022325,24.6551109166667,39.9211111666667,82.2320542833333,247.703333616667,439.40449395,493.945555,503.8640811,477.70584875,395.176457675
15002.082,23.961022325,24.6551109166667,39.9211111666667,82.2320542833333,247.703333616667,439.40449395,493.945555,503.8640811,477.70584875,395.176457675
15003.082,23.961022325,24.6551109166667,39.9211111666667,82.2320542833333,247.703333616667,439.40449395,493.945555,503.8640811,477.70584875,395.176457675
15004.082,23.961022325,24.6551109166667,39.9211111666667,82.2320542833333,247.703333616667,439.40449395,493.945555,503.8640811,477.70584875,395.176457675
15005.082,23.961022325,24.6551109166667,39.9211111666667,82.2320542833333,247.703333616667,439.40449395,493.945555,503.8640811,477.70584875,395.176457675
15006.082,23.961022325,24.6551109166667,39.9211111666667,82.2320542833333,247.703333616667,439.40449395,493.945555,503.8640811,477.70584875,395.176457675
15007.082,23.961022325,24.6551109166667,39.9211111666667,82.2320542833333,247.703333616667,439.40449395,493.945555,503.8640811,477.70584875,395.176457675
15008.082,23.961022325,24.6551109166667,39.9211111666667,82.2320542833333,247.703333616667,439.40449395,493.945555,503.8640811,477.70584875,395.176457675
15009.082,23.961022325,24.6551109166667,39.9211111666667,82.2320542833333,247.703333616667,439.40449395,493.945555,503.8640811,477.70584875,395.176457675
15010.082,23.961022325,24.6551109166667,39.9211111666667,82.2320542833333,247.703333616667,439.40449395,493.945555,503.8640811,477.70584875,395.176457675
15011.082,23.961022325,24.6551109166667,39.9211111666667,82.2320542833333,247.703333616667,439.40449395,493.945555,503.8640811,477.70584875,395.176457675
15012.082,23.961022325,24.6551109166667,39.9211111666667,82.2320542833333,247.703333616667,439.40449395,493.945555,503.8640811,477.70584875,395.176457675
15013.082,23.961022325,24.6551109166667,39.9211111666667,82.2320542833333,247.703333616667,439.40449395,493.945555,503.8640811,477.70584875,395.176457675
15014.082,23.961022325,24.6551109166667,39.9211111666667,82.2320542833333,247.703333616667,439.40449395,493.945555,503.8640811,477.70584875,395.176457675
15015.082,23.961022325,24.6551109166667,39.9211111666667,82.2320542833333,247.703333616667,439.40449395,493.945555,503.8640811,477.70584875,395.176457675
15016.082,23.961022325,24.6551109166667,39.9211111666667,82.2320542833333,247.703333616667,439.40449395,493.945555,503.8640811,477.70584875,395.176457675
15017.082,23.961022325,24.6551109166667,39.9211111666667,82.2320542833333,247.703333616667,439.40449395,493.945555,503.8640811,477.70584875,395.176457675
15018.082,23.961022325,24.6551109166667,39.9211111666667,82.2320542833333,247.703333616667,439.40449395,493.945555,503.8640811,477.70584875,395.176457675
15019.082,23.961022325,24.6551109166667,39.9211111666667,82.2320542833333,247.703333616667,439.40449395,493.945555,503.8640811,477.70584875,395.176457675
15020.082,23.961022325,24.6551109166667,39.9211111666667,82.2320542833333,247.703333616667,439.40449395,493.945555,503.8640811,477.70584875,395.176457675
15021.082,23.961022325,24.6551109166667,39.9211111666667,82.2320542833333,247.703333616667,439.40449395,493.945555,503.8640811,477.70584875,395.176457675
15022.082,23.961022325,24.6551109166667,39.9211111666667,82.2320542833333,247.703333616667,439.40449395,493.945555,503.8640811,477.70584875,395.176457675
15023.082,23.961022325,24.6551109166667,39.9211111666667,82.2320542833333,247.703333616667,439.40449395,493.945555,503.8640811,477.70584875,395.176457675
15024.082,23.961022325,24.6551109166667,39.9211111666667,82.2320542833333,247.703333616667,439.40449395,493.945555,503.8640811,477.70584875,395.176457675
15025.082,23.961022325,24.6551109166667,39.9211111666667,82.2320542833333,247.703333616667,439.40449395,493.945555,503.8640811,477.70584875,395.176457675
15026.082,23.961022325,24.6551109166667,39.9211111666667,82.2320542833333,247.703333616667,439.40449395,493.945555,503.8640811,477.70584875,395.176457675
15027.082,23.961022325,24.6551109166667,39.9211111666667,82.2320542833333,247.703333616667,439.40449395,493.945555,503.8640811,477.70584875,395.176457675
15028.082,23.961022325,24.6551109166667,39.9211111666667,82.2320542833333,247.703333616667,439.40449395,493.945555,503.8640811,477.70584875,395.176457675
15029.082,23.961022325,24.6551109166667,39.9211111666667,82.2320542833333,247.703333616667,439.40449395,493.945555,503.8640811,477.70584875,395.176457675
15030.082,23.961022325,24.6551109166667,39.9211111666667,82.2320542833333,247.703333616667,439.40449395,493.945555,503.8640811,477.70584875,395.176457675
15031.082,23.961022325,24.6551109166667,39.9211111666667,82.2320542833333,247.703333616667,439.40449395,493.945555,503.8640811,477.70584875,395.176457675
15032.082,23.961022325,24.6551109166667,39.9211111666667,82.2320542833333,247.703333616667,439.40449395,493.945555,503.8640811,477.70584875,395.176457675
15033.082,23.961022325,24.6551109166667,39.9211111666667,82.2320542833333,247.703333616667,439.40449395,493.945555,503.8640811,477.70584875,395.176457675
15034.082,23.961022325,24.6551109166667,39.9211111666667,82.2320542833333,247.703333616667,439.40449395,493.945555,503.8640811,477.70584875,395.176457675
15035.082,23.961022325,24.6551109166667,39.9211111666667,82.2320542833333,247.703333616667,439.40449395,493.945555,503.8640811,477.70584875,395.176457675
15036.082,23.961022325,24.6551109166667,39.9211111666667,82.2320542833333,247.703333616667,439.40449395,493.945555,503.8640811,477.70584875,395.176457675
15037.082,23.961022325,24.6551109166667,39.9211111666667,82.2320542833333,247.703333616667,439.40449395,493.945555,503.8640811,477.70584875,395.176457675
15038.082,23.961022325,24.6551109166667,39.9211111666667,82.2320542833333,247.703333616667,439.40449395,493.945555,503.8640811,477.70584875,395.176457675
15039.082,23.961022325,24.6551109166667,39.9211111666667,82.2320542833333,247.703333616667,439.40449395,493.945555,503.8640811,477.70584875,395.176457675
15040.082,23.961022325,24.6551109166667,39.9211111666667,82.2320542833333,247.703333616667,439.40449395,493.945555,503.8640811,477.70584875,395.176457675
15041.082,23.961022325,24.6551109166667,39.9211111666667,82.2320542833333,247.703333616667,439.40449395,493.945555,503.8640811,477.70584875,395.176457675
15042.082,23.961022325,24.6551109166667,39.9211111666667,82.2320542833333,247.703333616667,439.40449395,493.945555,503.8640811,477.70584875,395.176457675
15043.082,23.961022325,24.6551109166667,39.9211111666667,82.2320542833333,247.703333616667,439.40449395,493.945555,503.8640811,477.70584875,395.176457675
15044.082,23.961022325,24.6551109166667,39.9211111666667,82.2320542833333,247.703333616667,439.40449395,493.945555,503.8640811,477.70584875,395.176457675
15045.082,23.961022325,24.6551109166667,39.9211111666667,82.2320542833333,247.703333616667,439.40449395,493.945555,503.8640811,477.70584875,395.176457675
15046.082,23.961022325,24.6551109166667,39.9211111666667,82.2320542833333,247.703333616667,439.40449395,493.945555,503.8640811,477.70584875,395.176457675
15047.082,23.961022325,24.6551109166667,39.9211111666667,82.2320542833333,247.703333616667,439.40449395,493.945555,503.8640811,477.70584875,395.176457675
15048.082,23.961022325,24.6551109166667,39.9211111666667,82.2320542833333,247.703333616667,439.40449395,493.945555,503.8640811,477.70584875,395.176457675
15049.082,23.961022325,24.6551109166667,39.9211111666667,82.2320542833333,247.703333616667,439.40449395,493.945555,503.8640811,477.70584875,395.176457675
15050.082,23.961022325,24.6551109166667,39.9211111666667,82.2320542833333,247.703333616667,439.40449395,493.945555,503.8640811,477.70584875,395.176457675
15051.082,23.961022325,24.6551109166667,39.9211111666667,82.2320542833333,247.703333616667,439.40449395,493.945555,503.8640811,477.70584875,395.176457675
15052.082,23.961022325,24.6551109166667,39.9211111666667,82.2320542833333,247.703333616667,439.40449395,493.945555,503.8640811,477.70584875,395.176457675
15053.082,23.961022325,24.6551109166667,39.9211111666667,82.2320542833333,247.703333616667,439.40449395,493.945555,503.8640811,477.70584875,395.176457675
15054.082,23.961022325,24.6551109166667,39.9211111666667,82.2320542833333,247.703333616667,439.40449395,493.945555,503.8640811,477.70584875,395.176457675
15055.082,23.961022325,24.6551109166667,39.9211111666667,82.2320542833333,247.703333616667,439.40449395,493.945555,503.8640811,477.70584875,395.176457675
15056.082,23.961022325,24.6551109166667,39.9211111666667,82.2320542833333,247.703333616667,439.40449395,493.945555,503.8640811,477.70584875,395.176457675
15057.082,23.961022325,24.6551109166667,39.9211111666667,82.2320542833333,247.703333616667,439.40449395,493.945555,503.8640811,477.70584875,395.176457675
15058.082,23.961022325,24.6551109166667,39.9211111666667,82.2320542833333,247.703333616667,439.40449395,493.945555,503.8640811,477.70584875,395.176457675
15059.082,23.961022325,24.6551109166667,39.9211111666667,82.2320542833333,247.703333616667,439.40449395,493.945555,503.8640811,477.70584875,395.176457675
15060.082,23.961022325,24.6551109166667,39.9211111666667,82.2320542833333,247.703333616667,439.40449395,493.945555,503.8640811,477.70584875,395.176457675
15061.082,23.961022325,24.6551109166667,39.9211111666667,82.2320542833333,247.703333616667,439.40449395,493.945555,503.8640811,477.70584875,395.176457675
15062.082,23.961022325,24.6551109166667,39.9211111666667,82.2320542833333,247.703333616667,439.40449395,493.945555,503.8640811,477.70584875,395.176457675
15063.082,23.961022325,24.6551109166667,39.9211111666667,82.2320542833333,247.703333616667,439.40449395,493.945555,503.8640811,477.70584875,395.176457675
15064.082,23.961022325,24.6551109166667,39.9211111666667,82.2320542833333,247.703333616667,439.40449395,493.945555,503.8640811,477.70584875,395.176457675
15065.082,23.961022325,24.6551109166667,39.9211111666667,82.2320542833333,247.703333616667,439.40449395,493.945555,503.8640811,477.70584875,395.176457675
15066.082,23.961022325,24.6551109166667,39.9211111666667,82.2320542833333,247.703333616667,439.40449395,493.945555,503.8640811,477.70584875,395.176457675
15067.082,23.961022325,24.6551109166667,39.9211111666667,82.2320542833333,247.703333616667,439.40449395,493.945555,503.8640811,477.70584875,395.176457675
15068.082,23.961022325,24.6551109166667,39.9211111666667,82.2320542833333,247.703333616667,439.40449395,493.945555,503.8640811,477.70584875,395.176457675
15069.082,23.961022325,24.6551109166667,39.9211111666667,82.2320542833333,247.703333616667,439.40449395,493.945555,503.8640811,477.70584875,395.176457675
15070.082,23.961022325,24.6551109166667,39.9211111666667,82.2320542833333,247.703333616667,439.40449395,493.945555,503.8640811,477.70584875,395.176457675
15071.082,23.961022325,24.6551109166667,39.9211111666667,82.2320542833333,247.703333616667,439.40449395,493.945555,503.8640811,477.70584875,395.176457675
15072.082,23.961022325,24.6551109166667,39.9211111666667,82.2320542833333,247.703333616667,439.40449395,493.945555,503.8640811,477.70584875,395.176457675
15073.082,23.961022325,24.6551109166667,39.9211111666667,82.2320542833333,247.703333616667,439.40449395,493.945555,503.8640811,477.70584875,395.176457675
15074.082,23.961022325,24.6551109166667,39.9211111666667,82.2320542833333,247.703333616667,439.40449395,493.945555,503.8640811,477.70584875,395.176457675
15075.082,23.961022325,24.6551109166667,39.9211111666667,82.2320542833333,247.703333616667,439.40449395,493.945555,503.8640811,477.70584875,395.176457675
15076.082,23.961022325,24.6551109166667,39.9211111666667,82.2320542833333,247.703333616667,439.40449395,493.945555,503.8640811,477.70584875,395.176457675
15077.082,23.961022325,24.6551109166667,39.9211111666667,82.2320542833333,247.703333616667,439.40449395,493.945555,503.8640811,477.70584875,395.176457675
15078.082,23.961022325,24.6551109166667,39.9211111666667,82.2320542833333,247.703333616667,439.40449395,493.945555,503.8640811,477.70584875,395.176457675
15079.082,23.961022325,24.6551109166667,39.9211111666667,82.2320542833333,247.703333616667,439.40449395,493.945555,503.8640811,477.70584875,395.176457675
15080.082,23.961022325,24.6551109166667,39.9211111666667,82.2320542833333,247.703333616667,439.40449395,493.945555,503.8640811,477.70584875,395.176457675
15081.082,23.961022325,24.6551109166667,39.9211111666667,82.2320542833333,247.703333616667,439.40449395,493.945555,503.8640811,477.70584875,395.176457675
15082.082,23.961022325,24.6551109166667,39.9211111666667,82.2320542833333,247.703333616667,439.40449395,493.945555,503.8640811,477.70584875,395.176457675
15083.082,23.961022325,24.6551109166667,39.9211111666667,82.2320542833333,247.703333616667,439.40449395,493.945555,503.8640811,477.70584875,395.176457675
15084.082,23.961022325,24.6551109166667,39.9211111666667,82.2320542833333,247.703333616667,439.40449395,493.945555,503.8640811,477.70584875,395.176457675
15085.082,23.961022325,24.6551109166667,39.9211111666667,82.2320542833333,247.703333616667,439.40449395,493.945555,503.8640811,477.70584875,395.176457675
15086.082,23.961022325,24.6551109166667,39.9211111666667,82.2320542833333,247.703333616667,439.40449395,493.945555,503.8640811,477.70584875,395.176457675
15087.082,23.961022325,24.6551109166667,39.9211111666667,82.2320542833333,247.703333616667,439.40449395,493.945555,503.8640811,477.70584875,395.176457675
15088.082,23.961022325,24.6551109166667,39.9211111666667,82.2320542833333,247.703333616667,439.40449395,493.945555,503.8640811,477.70584875,395.176457675
15089.082,23.961022325,24.6551109166667,39.9211111666667,82.2320542833333,247.703333616667,439.40449395,493.945555,503.8640811,477.70584875,395.176457675
15090.082,23.961022325,24.6551109166667,39.9211111666667,82.2320542833333,247.703333616667,439.40449395,493.945555,503.8640811,477.70584875,395.176457675
15091.082,23.961022325,24.6551109166667,39.9211111666667,82.2320542833333,247.703333616667,439.40449395,493.945555,503.8640811,477.70584875,395.176457675
15092.082,23.961022325,24.6551109166667,39.9211111666667,82.2320542833333,247.703333616667,439.40449395,493.945555,503.8640811,477.70584875,395.176457675
15093.082,23.961022325,24.6551109166667,39.9211111666667,82.2320542833333,247.703333616667,439.40449395,493.945555,503.8640811,477.70584875,395.176457675
15094.082,23.961022325,24.6551109166667,39.9211111666667,82.2320542833333,247.703333616667,439.40449395,493.945555,503.8640811,477.70584875,395.176457675
15095.082,23.961022325,24.6551109166667,39.9211111666667,82.2320542833333,247.703333616667,439.40449395,493.945555,503.8640811,477.70584875,395.176457675
15096.082,23.961022325,24.6551109166667,39.9211111666667,82.2320542833333,247.703333616667,439.40449395,493.945555,503.8640811,477.70584875,395.176457675
15097.082,23.961022325,24.6551109166667,39.9211111666667,82.2320542833333,247.703333616667,439.40449395,493.945555,503.8640811,477.70584875,395.176457675
15098.082,23.961022325,24.6551109166667,39.9211111666667,82.2320542833333,247.703333616667,439.40449395,493.945555,503.8640811,477.70584875,395.176457675
15099.082,23.961022325,24.6551109166667,39.9211111666667,82.2320542833333,247.703333616667,439.40449395,493.945555,503.8640811,477.70584875,395.176457675
15100.082,23.961022325,24.6551109166667,39.9211111666667,82.2320542833333,247.703333616667,439.40449395,493.945555,503.8640811,477.70584875,395.176457675
15101.082,23.961022325,24.6551109166667,39.9211111666667,82.2320542833333,247.703333616667,439.40449395,493.945555,503.8640811,477.70584875,395.176457675
15102.082,23.961022325,24.6551109166667,39.9211111666667,82.2320542833333,247.703333616667,439.40449395,493.945555,503.8640811,477.70584875,395.176457675
15103.082,23.961022325,24.6551109166667,39.9211111666667,82.2320542833333,247.703333616667,439.40449395,493.945555,503.8640811,477.70584875,395.176457675
15104.082,23.961022325,24.6551109166667,39.9211111666667,82.2320542833333,247.703333616667,439.40449395,493.945555,503.8640811,477.70584875,395.176457675
15105.082,23.961022325,24.6551109166667,39.9211111666667,82.2320542833333,247.703333616667,439.40449395,493.945555,503.8640811,477.70584875,395.176457675
15106.082,23.961022325,24.6551109166667,39.9211111666667,82.2320542833333,247.703333616667,439.40449395,493.945555,503.8640811,477.70584875,395.176457675
15107.082,23.961022325,24.6551109166667,39.9211111666667,82.2320542833333,247.703333616667,439.40449395,493.945555,503.8640811,477.70584875,395.176457675
15108.082,23.961022325,24.6551109166667,39.9211111666667,82.2320542833333,247.703333616667,439.40449395,493.945555,503.8640811,477.70584875,395.176457675
15109.082,23.961022325,24.6551109166667,39.9211111666667,82.2320542833333,247.703333616667,439.40449395,493.945555,503.8640811,477.70584875,395.176457675
15110.082,23.961022325,24.6551109166667,39.9211111666667,82.2320542833333,247.703333616667,439.40449395,493.945555,503.8640811,477.70584875,395.176457675
15111.082,23.961022325,24.6551109166667,39.9211111666667,82.2320542833333,247.703333616667,439.40449395,493.945555,503.8640811,477.70584875,395.176457675
15112.082,23.961022325,24.6551109166667,39.9211111666667,82.2320542833333,247.703333616667,439.40449395,493.945555,503.8640811,477.70584875,395.176457675
15113.082,23.961022325,24.6551109166667,39.9211111666667,82.2320542833333,247.703333616667,439.40449395,493.945555,503.8640811,477.70584875,395.176457675
15114.082,23.961022325,24.6551109166667,39.9211111666667,82.2320542833333,247.703333616667,439.40449395,493.945555,503.8640811,477.70584875,395.176457675
15115.082,23.961022325,24.6551109166667,39.9211111666667,82.2320542833333,247.703333616667,439.40449395,493.945555,503.8640811,477.70584875,395.176457675
15116.082,23.961022325,24.6551109166667,39.9211111666667,82.2320542833333,247.703333616667,439.40449395,493.945555,503.8640811,477.70584875,395.176457675
15117.082,23.961022325,24.6551109166667,39.9211111666667,82.2320542833333,247.703333616667,439.40449395,493.945555,503.8640811,477.70584875,395.176457675
15118.082,23.961022325,24.6551109166667,39.9211111666667,82.2320542833333,247.703333616667,439.40449395,493.945555,503.8640811,477.70584875,395.176457675
15119.082,23.961022325,24.6551109166667,39.9211111666667,82.2320542833333,247.703333616667,439.40449395,493.945555,503.8640811,477.70584875,395.176457675
15120.082,23.961022325,24.6551109166667,39.9211111666667,82.2320542833333,247.703333616667,439.40449395,493.945555,503.8640811,477.70584875,395.176457675
15121.082,23.961022325,24.6551109166667,39.9211111666667,82.2320542833333,247.703333616667,439.40449395,493.945555,503.8640811,477.70584875,395.176457675
15122.082,23.961022325,24.6551109166667,39.9211111666667,82.2320542833333,247.703333616667,439.40449395,493.945555,503.8640811,477.70584875,395.176457675
15123.082,23.961022325,24.6551109166667,39.9211111666667,82.2320542833333,247.703333616667,439.40449395,493.945555,503.8640811,477.70584875,395.176457675
15124.082,23.961022325,24.6551109166667,39.9211111666667,82.2320542833333,247.703333616667,439.40449395,493.945555,503.8640811,477.70584875,395.176457675
15125.082,23.961022325,24.6551109166667,39.9211111666667,82.2320542833333,247.703333616667,439.40449395,493.945555,503.8640811,477.70584875,395.176457675
15126.082,23.961022325,24.6551109166667,39.9211111666667,82.2320542833333,247.703333616667,439.40449395,493.945555,503.8640811,477.70584875,395.176457675
15127.082,23.961022325,24.6551109166667,39.9211111666667,82.2320542833333,247.703333616667,439.40449395,493.945555,503.8640811,477.70584875,395.176457675
15128.082,23.961022325,24.6551109166667,39.9211111666667,82.2320542833333,247.703333616667,439.40449395,493.945555,503.8640811,477.70584875,395.176457675
15129.082,23.961022325,24.6551109166667,39.9211111666667,82.2320542833333,247.703333616667,439.40449395,493.945555,503.8640811,477.70584875,395.176457675
15130.082,23.961022325,24.6551109166667,39.9211111666667,82.2320542833333,247.703333616667,439.40449395,493.945555,503.8640811,477.70584875,395.176457675
15131.082,23.961022325,24.6551109166667,39.9211111666667,82.2320542833333,247.703333616667,439.40449395,493.945555,503.8640811,477.70584875,395.176457675
15132.082,23.961022325,24.6551109166667,39.9211111666667,82.2320542833333,247.703333616667,439.40449395,493.945555,503.8640811,477.70584875,395.176457675
15133.082,23.961022325,24.6551109166667,39.9211111666667,82.2320542833333,247.703333616667,439.40449395,493.945555,503.8640811,477.70584875,395.176457675
15134.082,23.961022325,24.6551109166667,39.9211111666667,82.2320542833333,247.703333616667,439.40449395,493.945555,503.8640811,477.70584875,395.176457675
15135.082,23.961022325,24.6551109166667,39.9211111666667,82.2320542833333,247.703333616667,439.40449395,493.945555,503.8640811,477.70584875,395.176457675
15136.082,23.961022325,24.6551109166667,39.9211111666667,82.2320542833333,247.703333616667,439.40449395,493.945555,503.8640811,477.70584875,395.176457675
15137.082,23.961022325,24.6551109166667,39.9211111666667,82.2320542833333,247.703333616667,439.40449395,493.945555,503.8640811,477.70584875,395.176457675
15138.082,23.961022325,24.6551109166667,39.9211111666667,82.2320542833333,247.703333616667,439.40449395,493.945555,503.8640811,477.70584875,395.176457675
15139.082,23.961022325,24.6551109166667,39.9211111666667,82.2320542833333,247.703333616667,439.40449395,493.945555,503.8640811,477.70584875,395.176457675
15140.082,23.961022325,24.6551109166667,39.9211111666667,82.2320542833333,247.703333616667,439.40449395,493.945555,503.8640811,477.70584875,395.176457675
15141.082,23.961022325,24.6551109166667,39.9211111666667,82.2320542833333,247.703333616667,439.40449395,493.945555,503.8640811,477.70584875,395.176457675
15142.082,23.961022325,24.6551109166667,39.9211111666667,82.2320542833333,247.703333616667,439.40449395,493.945555,503.8640811,477.70584875,395.176457675
15143.082,23.961022325,24.6551109166667,39.9211111666667,82.2320542833333,247.703333616667,439.40449395,493.945555,503.8640811,477.70584875,395.176457675
15144.082,23.961022325,24.6551109166667,39.9211111666667,82.2320542833333,247.703333616667,439.40449395,493.945555,503.8640811,477.70584875,395.176457675
15145.082,23.961022325,24.6551109166667,39.9211111666667,82.2320542833333,247.703333616667,439.40449395,493.945555,503.8640811,477.70584875,395.176457675
15146.082,23.961022325,24.6551109166667,39.9211111666667,82.2320542833333,247.703333616667,439.40449395,493.945555,503.8640811,477.70584875,395.176457675
15147.082,23.961022325,24.6551109166667,39.9211111666667,82.2320542833333,247.703333616667,439.40449395,493.945555,503.8640811,477.70584875,395.176457675
15148.082,23.961022325,24.6551109166667,39.9211111666667,82.2320542833333,247.703333616667,439.40449395,493.945555,503.8640811,477.70584875,395.176457675
15149.082,23.961022325,24.6551109166667,39.9211111666667,82.2320542833333,247.703333616667,439.40449395,493.945555,503.8640811,477.70584875,395.176457675
15150.082,23.961022325,24.6551109166667,39.9211111666667,82.2320542833333,247.703333616667,439.40449395,493.945555,503.8640811,477.70584875,395.176457675
15151.082,23.961022325,24.6551109166667,39.9211111666667,82.2320542833333,247.703333616667,439.40449395,493.945555,503.8640811,477.70584875,395.176457675
15152.082,23.961022325,24.6551109166667,39.9211111666667,82.2320542833333,247.703333616667,439.40449395,493.945555,503.8640811,477.70584875,395.176457675
15153.082,23.961022325,24.6551109166667,39.9211111666667,82.2320542833333,247.703333616667,439.40449395,493.945555,503.8640811,477.70584875,395.176457675
15154.082,23.961022325,24.6551109166667,39.9211111666667,82.2320542833333,247.703333616667,439.40449395,493.945555,503.8640811,477.70584875,395.176457675
15155.082,23.961022325,24.6551109166667,39.9211111666667,82.2320542833333,247.703333616667,439.40449395,493.945555,503.8640811,477.70584875,395.176457675
15156.082,23.961022325,24.6551109166667,39.9211111666667,82.2320542833333,247.703333616667,439.40449395,493.945555,503.8640811,477.70584875,395.176457675
15157.082,23.961022325,24.6551109166667,39.9211111666667,82.2320542833333,247.703333616667,439.40449395,493.945555,503.8640811,477.70584875,395.176457675
15158.082,23.961022325,24.6551109166667,39.9211111666667,82.2320542833333,247.703333616667,439.40449395,493.945555,503.8640811,477.70584875,395.176457675
15159.082,23.961022325,24.6551109166667,39.9211111666667,82.2320542833333,247.703333616667,439.40449395,493.945555,503.8640811,477.70584875,395.176457675
15160.082,23.961022325,24.6551109166667,39.9211111666667,82.2320542833333,247.703333616667,439.40449395,493.945555,503.8640811,477.70584875,395.176457675
15161.082,23.961022325,24.6551109166667,39.9211111666667,82.2320542833333,247.703333616667,439.40449395,493.945555,503.8640811,477.70584875,395.176457675
15162.082,23.961022325,24.6551109166667,39.9211111666667,82.2320542833333,247.703333616667,439.40449395,493.945555,503.8640811,477.70584875,395.176457675
15163.082,23.961022325,24.6551109166667,39.9211111666667,82.2320542833333,247.703333616667,439.40449395,493.945555,503.8640811,477.70584875,395.176457675
15164.082,23.961022325,24.6551109166667,39.9211111666667,82.2320542833333,247.703333616667,439.40449395,493.945555,503.8640811,477.70584875,395.176457675
15165.082,23.961022325,24.6551109166667,39.9211111666667,82.2320542833333,247.703333616667,439.40449395,493.945555,503.8640811,477.70584875,395.176457675
15166.082,23.961022325,24.6551109166667,39.9211111666667,82.2320542833333,247.703333616667,439.40449395,493.945555,503.8640811,477.70584875,395.176457675
15167.082,23.961022325,24.6551109166667,39.9211111666667,82.2320542833333,247.703333616667,439.40449395,493.945555,503.8640811,477.70584875,395.176457675
15168.082,23.961022325,24.6551109166667,39.9211111666667,82.2320542833333,247.703333616667,439.40449395,493.945555,503.8640811,477.70584875,395.176457675
15169.082,23.961022325,24.6551109166667,39.9211111666667,82.2320542833333,247.703333616667,439.40449395,493.945555,503.8640811,477.70584875,395.176457675
15170.082,23.961022325,24.6551109166667,39.9211111666667,82.2320542833333,247.703333616667,439.40449395,493.945555,503.8640811,477.70584875,395.176457675
15171.082,23.961022325,24.6551109166667,39.9211111666667,82.2320542833333,247.703333616667,439.40449395,493.945555,503.8640811,477.70584875,395.176457675
15172.082,23.961022325,24.6551109166667,39.9211111666667,82.2320542833333,247.703333616667,439.40449395,493.945555,503.8640811,477.70584875,395.176457675
15173.082,23.961022325,24.6551109166667,39.9211111666667,82.2320542833333,247.703333616667,439.40449395,493.945555,503.8640811,477.70584875,395.176457675
15174.082,23.961022325,24.6551109166667,39.9211111666667,82.2320542833333,247.703333616667,439.40449395,493.945555,503.8640811,477.70584875,395.176457675
15175.082,23.961022325,24.6551109166667,39.9211111666667,82.2320542833333,247.703333616667,439.40449395,493.945555,503.8640811,477.70584875,395.176457675
15176.082,23.961022325,24.6551109166667,39.9211111666667,82.2320542833333,247.703333616667,439.40449395,493.945555,503.8640811,477.70584875,395.176457675
15177.082,23.961022325,24.6551109166667,39.9211111666667,82.2320542833333,247.703333616667,439.40449395,493.945555,503.8640811,477.70584875,395.176457675
15178.082,23.961022325,24.6551109166667,39.9211111666667,82.2320542833333,247.703333616667,439.40449395,493.945555,503.8640811,477.70584875,395.176457675
15179.082,23.961022325,24.6551109166667,39.9211111666667,82.2320542833333,247.703333616667,439.40449395,493.945555,503.8640811,477.70584875,395.176457675
15180.082,23.961022325,24.6551109166667,39.9211111666667,82.2320542833333,247.703333616667,439.40449395,493.945555,503.8640811,477.70584875,395.176457675
15181.082,23.961022325,24.6551109166667,39.9211111666667,82.2320542833333,247.703333616667,439.40449395,493.945555,503.8640811,477.70584875,395.176457675
15182.082,23.961022325,24.6551109166667,39.9211111666667,82.2320542833333,247.703333616667,439.40449395,493.945555,503.8640811,477.70584875,395.176457675
15183.082,23.961022325,24.6551109166667,39.9211111666667,82.2320542833333,247.703333616667,439.40449395,493.945555,503.8640811,477.70584875,395.176457675
15184.082,23.961022325,24.6551109166667,39.9211111666667,82.2320542833333,247.703333616667,439.40449395,493.945555,503.8640811,477.70584875,395.176457675
15185.082,23.961022325,24.6551109166667,39.9211111666667,82.2320542833333,247.703333616667,439.40449395,493.945555,503.8640811,477.70584875,395.176457675
15186.082,23.961022325,24.6551109166667,39.9211111666667,82.2320542833333,247.703333616667,439.40449395,493.945555,503.8640811,477.70584875,395.176457675
15187.082,23.961022325,24.6551109166667,39.9211111666667,82.2320542833333,247.703333616667,439.40449395,493.945555,503.8640811,477.70584875,395.176457675
15188.082,23.961022325,24.6551109166667,39.9211111666667,82.2320542833333,247.703333616667,439.40449395,493.945555,503.8640811,477.70584875,395.176457675
15189.082,23.961022325,24.6551109166667,39.9211111666667,82.2320542833333,247.703333616667,439.40449395,493.945555,503.8640811,477.70584875,395.176457675
15190.082,23.961022325,24.6551109166667,39.9211111666667,82.2320542833333,247.703333616667,439.40449395,493.945555,503.8640811,477.70584875,395.176457675
15191.082,23.961022325,24.6551109166667,39.9211111666667,82.2320542833333,247.703333616667,439.40449395,493.945555,503.8640811,477.70584875,395.176457675
15192.082,23.961022325,24.6551109166667,39.9211111666667,82.2320542833333,247.703333616667,439.40449395,493.945555,503.8640811,477.70584875,395.176457675
15193.082,23.961022325,24.6551109166667,39.9211111666667,82.2320542833333,247.703333616667,439.40449395,493.945555,503.8640811,477.70584875,395.176457675
15194.082,23.961022325,24.6551109166667,39.9211111666667,82.2320542833333,247.703333616667,439.40449395,493.945555,503.8640811,477.70584875,395.176457675
15195.082,23.961022325,24.6551109166667,39.9211111666667,82.2320542833333,247.703333616667,439.40449395,493.945555,503.8640811,477.70584875,395.176457675
15196.082,23.961022325,24.6551109166667,39.9211111666667,82.2320542833333,247.703333616667,439.40449395,493.945555,503.8640811,477.70584875,395.176457675
15197.082,23.961022325,24.6551109166667,39.9211111666667,82.2320542833333,247.703333616667,439.40449395,493.945555,503.8640811,477.70584875,395.176457675
15198.082,23.961022325,24.6551109166667,39.9211111666667,82.2320542833333,247.703333616667,439.40449395,493.945555,503.8640811,477.70584875,395.176457675
15199.082,23.961022325,24.6551109166667,39.9211111666667,82.2320542833333,247.703333616667,439.40449395,493.945555,503.8640811,477.70584875,395.176457675
15200.082,23.961022325,24.6551109166667,39.9211111666667,82.2320542833333,247.703333616667,439.40449395,493.945555,503.8640811,477.70584875,395.176457675
15201.082,23.961022325,24.6551109166667,39.9211111666667,82.2320542833333,247.703333616667,439.40449395,493.945555,503.8640811,477.70584875,395.176457675
15202.082,23.961022325,24.6551109166667,39.9211111666667,82.2320542833333,247.703333616667,439.40449395,493.945555,503.8640811,477.70584875,395.176457675
15203.082,23.961022325,24.6551109166667,39.9211111666667,82.2320542833333,247.703333616667,439.40449395,493.945555,503.8640811,477.70584875,395.176457675
15204.082,23.961022325,24.6551109166667,39.9211111666667,82.2320542833333,247.703333616667,439.40449395,493.945555,503.8640811,477.70584875,395.176457675
15205.082,23.961022325,24.6551109166667,39.9211111666667,82.2320542833333,247.703333616667,439.40449395,493.945555,503.8640811,477.70584875,395.176457675
15206.082,23.961022325,24.6551109166667,39.9211111666667,82.2320542833333,247.703333616667,439.40449395,493.945555,503.8640811,477.70584875,395.176457675
15207.082,23.961022325,24.6551109166667,39.9211111666667,82.2320542833333,247.703333616667,439.40449395,493.945555,503.8640811,477.70584875,395.176457675
15208.082,23.961022325,24.6551109166667,39.9211111666667,82.2320542833333,247.703333616667,439.40449395,493.945555,503.8640811,477.70584875,395.176457675
15209.082,23.961022325,24.6551109166667,39.9211111666667,82.2320542833333,247.703333616667,439.40449395,493.945555,503.8640811,477.70584875,395.176457675
15210.082,23.961022325,24.6551109166667,39.9211111666667,82.2320542833333,247.703333616667,439.40449395,493.945555,503.8640811,477.70584875,395.176457675
15211.082,23.961022325,24.6551109166667,39.9211111666667,82.2320542833333,247.703333616667,439.40449395,493.945555,503.8640811,477.70584875,395.176457675
15212.082,23.961022325,24.6551109166667,39.9211111666667,82.2320542833333,247.703333616667,439.40449395,493.945555,503.8640811,477.70584875,395.176457675
15213.082,23.961022325,24.6551109166667,39.9211111666667,82.2320542833333,247.703333616667,439.40449395,493.945555,503.8640811,477.70584875,395.176457675
15214.082,23.961022325,24.6551109166667,39.9211111666667,82.2320542833333,247.703333616667,439.40449395,493.945555,503.8640811,477.70584875,395.176457675
15215.082,23.961022325,24.6551109166667,39.9211111666667,82.2320542833333,247.703333616667,439.40449395,493.945555,503.8640811,477.70584875,395.176457675
15216.082,23.961022325,24.6551109166667,39.9211111666667,82.2320542833333,247.703333616667,439.40449395,493.945555,503.8640811,477.70584875,395.176457675
15217.082,23.961022325,24.6551109166667,39.9211111666667,82.2320542833333,247.703333616667,439.40449395,493.945555,503.8640811,477.70584875,395.176457675
15218.082,23.961022325,24.6551109166667,39.9211111666667,82.2320542833333,247.703333616667,439.40449395,493.945555,503.8640811,477.70584875,395.176457675
15219.082,23.961022325,24.6551109166667,39.9211111666667,82.2320542833333,247.703333616667,439.40449395,493.945555,503.8640811,477.70584875,395.176457675
15220.082,23.961022325,24.6551109166667,39.9211111666667,82.2320542833333,247.703333616667,439.40449395,493.945555,503.8640811,477.70584875,395.176457675
15221.082,23.961022325,24.6551109166667,39.9211111666667,82.2320542833333,247.703333616667,439.40449395,493.945555,503.8640811,477.70584875,395.176457675
15222.082,23.961022325,24.6551109166667,39.9211111666667,82.2320542833333,247.703333616667,439.40449395,493.945555,503.8640811,477.70584875,395.176457675
15223.082,23.961022325,24.6551109166667,39.9211111666667,82.2320542833333,247.703333616667,439.40449395,493.945555,503.8640811,477.70584875,395.176457675
15224.082,23.961022325,24.6551109166667,39.9211111666667,82.2320542833333,247.703333616667,439.40449395,493.945555,503.8640811,477.70584875,395.176457675
15225.082,23.961022325,24.6551109166667,39.9211111666667,82.2320542833333,247.703333616667,439.40449395,493.945555,503.8640811,477.70584875,395.176457675
15226.082,23.961022325,24.6551109166667,39.9211111666667,82.2320542833333,247.703333616667,439.40449395,493.945555,503.8640811,477.70584875,395.176457675
15227.082,23.961022325,24.6551109166667,39.9211111666667,82.2320542833333,247.703333616667,439.40449395,493.945555,503.8640811,477.70584875,395.176457675
15228.082,23.961022325,24.6551109166667,39.9211111666667,82.2320542833333,247.703333616667,439.40449395,493.945555,503.8640811,477.70584875,395.176457675
15229.082,23.961022325,24.6551109166667,39.9211111666667,82.2320542833333,247.703333616667,439.40449395,493.945555,503.8640811,477.70584875,395.176457675
15230.082,23.961022325,24.6551109166667,39.9211111666667,82.2320542833333,247.703333616667,439.40449395,493.945555,503.8640811,477.70584875,395.176457675
15231.082,23.961022325,24.6551109166667,39.9211111666667,82.2320542833333,247.703333616667,439.40449395,493.945555,503.8640811,477.70584875,395.176457675
15232.082,23.961022325,24.6551109166667,39.9211111666667,82.2320542833333,247.703333616667,439.40449395,493.945555,503.8640811,477.70584875,395.176457675
15233.082,23.961022325,24.6551109166667,39.9211111666667,82.2320542833333,247.703333616667,439.40449395,493.945555,503.8640811,477.70584875,395.176457675
15234.082,23.961022325,24.6551109166667,39.9211111666667,82.2320542833333,247.703333616667,439.40449395,493.945555,503.8640811,477.70584875,395.176457675
15235.082,23.961022325,24.6551109166667,39.9211111666667,82.2320542833333,247.703333616667,439.40449395,493.945555,503.8640811,477.70584875,395.176457675
15236.082,23.961022325,24.6551109166667,39.9211111666667,82.2320542833333,247.703333616667,439.40449395,493.945555,503.8640811,477.70584875,395.176457675
15237.082,23.961022325,24.6551109166667,39.9211111666667,82.2320542833333,247.703333616667,439.40449395,493.945555,503.8640811,477.70584875,395.176457675
15238.082,23.961022325,24.6551109166667,39.9211111666667,82.2320542833333,247.703333616667,439.40449395,493.945555,503.8640811,477.70584875,395.176457675
15239.082,23.961022325,24.6551109166667,39.9211111666667,82.2320542833333,247.703333616667,439.40449395,493.945555,503.8640811,477.70584875,395.176457675
15240.082,23.961022325,24.6551109166667,39.9211111666667,82.2320542833333,247.703333616667,439.40449395,493.945555,503.8640811,477.70584875,395.176457675
15241.082,23.961022325,24.6551109166667,39.9211111666667,82.2320542833333,247.703333616667,439.40449395,493.945555,503.8640811,477.70584875,395.176457675
15242.082,23.961022325,24.6551109166667,39.9211111666667,82.2320542833333,247.703333616667,439.40449395,493.945555,503.8640811,477.70584875,395.176457675
15243.082,23.961022325,24.6551109166667,39.9211111666667,82.2320542833333,247.703333616667,439.40449395,493.945555,503.8640811,477.70584875,395.176457675
15244.082,23.961022325,24.6551109166667,39.9211111666667,82.2320542833333,247.703333616667,439.40449395,493.945555,503.8640811,477.70584875,395.176457675
15245.082,23.961022325,24.6551109166667,39.9211111666667,82.2320542833333,247.703333616667,439.40449395,493.945555,503.8640811,477.70584875,395.176457675
15246.082,23.961022325,24.6551109166667,39.9211111666667,82.2320542833333,247.703333616667,439.40449395,493.945555,503.8640811,477.70584875,395.176457675
15247.082,23.961022325,24.6551109166667,39.9211111666667,82.2320542833333,247.703333616667,439.40449395,493.945555,503.8640811,477.70584875,395.176457675
15248.082,23.961022325,24.6551109166667,39.9211111666667,82.2320542833333,247.703333616667,439.40449395,493.945555,503.8640811,477.70584875,395.176457675
15249.082,23.961022325,24.6551109166667,39.9211111666667,82.2320542833333,247.703333616667,439.40449395,493.945555,503.8640811,477.70584875,395.176457675
15250.082,23.961022325,24.6551109166667,39.9211111666667,82.2320542833333,247.703333616667,439.40449395,493.945555,503.8640811,477.70584875,395.176457675
15251.082,23.961022325,24.6551109166667,39.9211111666667,82.2320542833333,247.703333616667,439.40449395,493.945555,503.8640811,477.70584875,395.176457675
15252.082,23.961022325,24.6551109166667,39.9211111666667,82.2320542833333,247.703333616667,439.40449395,493.945555,503.8640811,477.70584875,395.176457675
15253.082,23.961022325,24.6551109166667,39.9211111666667,82.2320542833333,247.703333616667,439.40449395,493.945555,503.8640811,477.70584875,395.176457675
15254.082,23.961022325,24.6551109166667,39.9211111666667,82.2320542833333,247.703333616667,439.40449395,493.945555,503.8640811,477.70584875,395.176457675
15255.082,23.961022325,24.6551109166667,39.9211111666667,82.2320542833333,247.703333616667,439.40449395,493.945555,503.8640811,477.70584875,395.176457675
15256.082,23.961022325,24.6551109166667,39.9211111666667,82.2320542833333,247.703333616667,439.40449395,493.945555,503.8640811,477.70584875,395.176457675
15257.082,23.961022325,24.6551109166667,39.9211111666667,82.2320542833333,247.703333616667,439.40449395,493.945555,503.8640811,477.70584875,395.176457675
15258.082,23.961022325,24.6551109166667,39.9211111666667,82.2320542833333,247.703333616667,439.40449395,493.945555,503.8640811,477.70584875,395.176457675
15259.082,23.961022325,24.6551109166667,39.9211111666667,82.2320542833333,247.703333616667,439.40449395,493.945555,503.8640811,477.70584875,395.176457675
15260.082,23.961022325,24.6551109166667,39.9211111666667,82.2320542833333,247.703333616667,439.40449395,493.945555,503.8640811,477.70584875,395.176457675
15261.082,23.961022325,24.6551109166667,39.9211111666667,82.2320542833333,247.703333616667,439.40449395,493.945555,503.8640811,477.70584875,395.176457675
15262.082,23.961022325,24.6551109166667,39.9211111666667,82.2320542833333,247.703333616667,439.40449395,493.945555,503.8640811,477.70584875,395.176457675
15263.082,23.961022325,24.6551109166667,39.9211111666667,82.2320542833333,247.703333616667,439.40449395,493.945555,503.8640811,477.70584875,395.176457675
15264.082,23.961022325,24.6551109166667,39.9211111666667,82.2320542833333,247.703333616667,439.40449395,493.945555,503.8640811,477.70584875,395.176457675
15265.082,23.961022325,24.6551109166667,39.9211111666667,82.2320542833333,247.703333616667,439.40449395,493.945555,503.8640811,477.70584875,395.176457675
15266.082,23.961022325,24.6551109166667,39.9211111666667,82.2320542833333,247.703333616667,439.40449395,493.945555,503.8640811,477.70584875,395.176457675
15267.082,23.961022325,24.6551109166667,39.9211111666667,82.2320542833333,247.703333616667,439.40449395,493.945555,503.8640811,477.70584875,395.176457675
15268.082,23.961022325,24.6551109166667,39.9211111666667,82.2320542833333,247.703333616667,439.40449395,493.945555,503.8640811,477.70584875,395.176457675
15269.082,23.961022325,24.6551109166667,39.9211111666667,82.2320542833333,247.703333616667,439.40449395,493.945555,503.8640811,477.70584875,395.176457675
15270.082,23.961022325,24.6551109166667,39.9211111666667,82.2320542833333,247.703333616667,439.40449395,493.945555,503.8640811,477.70584875,395.176457675
15271.082,23.961022325,24.6551109166667,39.9211111666667,82.2320542833333,247.703333616667,439.40449395,493.945555,503.8640811,477.70584875,395.176457675
15272.082,23.961022325,24.6551109166667,39.9211111666667,82.2320542833333,247.703333616667,439.40449395,493.945555,503.8640811,477.70584875,395.176457675
15273.082,23.961022325,24.6551109166667,39.9211111666667,82.2320542833333,247.703333616667,439.40449395,493.945555,503.8640811,477.70584875,395.176457675
15274.082,23.961022325,24.6551109166667,39.9211111666667,82.2320542833333,247.703333616667,439.40449395,493.945555,503.8640811,477.70584875,395.176457675
15275.082,23.961022325,24.6551109166667,39.9211111666667,82.2320542833333,247.703333616667,439.40449395,493.945555,503.8640811,477.70584875,395.176457675
15276.082,23.961022325,24.6551109166667,39.9211111666667,82.2320542833333,247.703333616667,439.40449395,493.945555,503.8640811,477.70584875,395.176457675
15277.082,23.961022325,24.6551109166667,39.9211111666667,82.2320542833333,247.703333616667,439.40449395,493.945555,503.8640811,477.70584875,395.176457675
15278.082,23.961022325,24.6551109166667,39.9211111666667,82.2320542833333,247.703333616667,439.40449395,493.945555,503.8640811,477.70584875,395.176457675
15279.082,23.961022325,24.6551109166667,39.9211111666667,82.2320542833333,247.703333616667,439.40449395,493.945555,503.8640811,477.70584875,395.176457675
15280.082,23.961022325,24.6551109166667,39.9211111666667,82.2320542833333,247.703333616667,439.40449395,493.945555,503.8640811,477.70584875,395.176457675
15281.082,23.961022325,24.6551109166667,39.9211111666667,82.2320542833333,247.703333616667,439.40449395,493.945555,503.8640811,477.70584875,395.176457675
15282.082,23.961022325,24.6551109166667,39.9211111666667,82.2320542833333,247.703333616667,439.40449395,493.945555,503.8640811,477.70584875,395.176457675
15283.082,23.961022325,24.6551109166667,39.9211111666667,82.2320542833333,247.703333616667,439.40449395,493.945555,503.8640811,477.70584875,395.176457675
15284.082,23.961022325,24.6551109166667,39.9211111666667,82.2320542833333,247.703333616667,439.40449395,493.945555,503.8640811,477.70584875,395.176457675
15285.082,23.961022325,24.6551109166667,39.9211111666667,82.2320542833333,247.703333616667,439.40449395,493.945555,503.8640811,477.70584875,395.176457675
15286.082,23.961022325,24.6551109166667,39.9211111666667,82.2320542833333,247.703333616667,439.40449395,493.945555,503.8640811,477.70584875,395.176457675
15287.082,23.961022325,24.6551109166667,39.9211111666667,82.2320542833333,247.703333616667,439.40449395,493.945555,503.8640811,477.70584875,395.176457675
15288.082,23.961022325,24.6551109166667,39.9211111666667,82.2320542833333,247.703333616667,439.40449395,493.945555,503.8640811,477.70584875,395.176457675
15289.082,23.961022325,24.6551109166667,39.9211111666667,82.2320542833333,247.703333616667,439.40449395,493.945555,503.8640811,477.70584875,395.176457675
15290.082,23.961022325,24.6551109166667,39.9211111666667,82.2320542833333,247.703333616667,439.40449395,493.945555,503.8640811,477.70584875,395.176457675
15291.082,23.961022325,24.6551109166667,39.9211111666667,82.2320542833333,247.703333616667,439.40449395,493.945555,503.8640811,477.70584875,395.176457675
15292.082,23.961022325,24.6551109166667,39.9211111666667,82.2320542833333,247.703333616667,439.40449395,493.945555,503.8640811,477.70584875,395.176457675
15293.082,23.961022325,24.6551109166667,39.9211111666667,82.2320542833333,247.703333616667,439.40449395,493.945555,503.8640811,477.70584875,395.176457675
15294.082,23.961022325,24.6551109166667,39.9211111666667,82.2320542833333,247.703333616667,439.40449395,493.945555,503.8640811,477.70584875,395.176457675
15295.082,23.961022325,24.6551109166667,39.9211111666667,82.2320542833333,247.703333616667,439.40449395,493.945555,503.8640811,477.70584875,395.176457675
15296.082,23.961022325,24.6551109166667,39.9211111666667,82.2320542833333,247.703333616667,439.40449395,493.945555,503.8640811,477.70584875,395.176457675
15297.082,23.961022325,24.6551109166667,39.9211111666667,82.2320542833333,247.703333616667,439.40449395,493.945555,503.8640811,477.70584875,395.176457675
15298.082,23.961022325,24.6551109166667,39.9211111666667,82.2320542833333,247.703333616667,439.40449395,493.945555,503.8640811,477.70584875,395.176457675
15299.082,23.961022325,24.6551109166667,39.9211111666667,82.2320542833333,247.703333616667,439.40449395,493.945555,503.8640811,477.70584875,395.176457675
15300.082,23.961022325,24.6551109166667,39.9211111666667,82.2320542833333,247.703333616667,439.40449395,493.945555,503.8640811,477.70584875,395.176457675
15301.082,23.961022325,24.6551109166667,39.9211111666667,82.2320542833333,247.703333616667,439.40449395,493.945555,503.8640811,477.70584875,395.176457675
15302.082,23.961022325,24.6551109166667,39.9211111666667,82.2320542833333,247.703333616667,439.40449395,493.945555,503.8640811,477.70584875,395.176457675
15303.082,23.961022325,24.6551109166667,39.9211111666667,82.2320542833333,247.703333616667,439.40449395,493.945555,503.8640811,477.70584875,395.176457675
15304.082,23.961022325,24.6551109166667,39.9211111666667,82.2320542833333,247.703333616667,439.40449395,493.945555,503.8640811,477.70584875,395.176457675
15305.082,23.961022325,24.6551109166667,39.9211111666667,82.2320542833333,247.703333616667,439.40449395,493.945555,503.8640811,477.70584875,395.176457675
15306.082,23.961022325,24.6551109166667,39.9211111666667,82.2320542833333,247.703333616667,439.40449395,493.945555,503.8640811,477.70584875,395.176457675
15307.082,23.961022325,24.6551109166667,39.9211111666667,82.2320542833333,247.703333616667,439.40449395,493.945555,503.8640811,477.70584875,395.176457675
15308.082,23.961022325,24.6551109166667,39.9211111666667,82.2320542833333,247.703333616667,439.40449395,493.945555,503.8640811,477.70584875,395.176457675
15309.082,23.961022325,24.6551109166667,39.9211111666667,82.2320542833333,247.703333616667,439.40449395,493.945555,503.8640811,477.70584875,395.176457675
15310.082,23.961022325,24.6551109166667,39.9211111666667,82.2320542833333,247.703333616667,439.40449395,493.945555,503.8640811,477.70584875,395.176457675
15311.082,23.961022325,24.6551109166667,39.9211111666667,82.2320542833333,247.703333616667,439.40449395,493.945555,503.8640811,477.70584875,395.176457675
15312.082,23.961022325,24.6551109166667,39.9211111666667,82.2320542833333,247.703333616667,439.40449395,493.945555,503.8640811,477.70584875,395.176457675
15313.082,23.961022325,24.6551109166667,39.9211111666667,82.2320542833333,247.703333616667,439.40449395,493.945555,503.8640811,477.70584875,395.176457675
15314.082,23.961022325,24.6551109166667,39.9211111666667,82.2320542833333,247.703333616667,439.40449395,493.945555,503.8640811,477.70584875,395.176457675
15315.082,23.961022325,24.6551109166667,39.9211111666667,82.2320542833333,247.703333616667,439.40449395,493.945555,503.8640811,477.70584875,395.176457675
15316.082,23.961022325,24.6551109166667,39.9211111666667,82.2320542833333,247.703333616667,439.40449395,493.945555,503.8640811,477.70584875,395.176457675
15317.082,23.961022325,24.6551109166667,39.9211111666667,82.2320542833333,247.703333616667,439.40449395,493.945555,503.8640811,477.70584875,395.176457675
15318.082,23.961022325,24.6551109166667,39.9211111666667,82.2320542833333,247.703333616667,439.40449395,493.945555,503.8640811,477.70584875,395.176457675
15319.082,23.961022325,24.6551109166667,39.9211111666667,82.2320542833333,247.703333616667,439.40449395,493.945555,503.8640811,477.70584875,395.176457675
15320.082,23.961022325,24.6551109166667,39.9211111666667,82.2320542833333,247.703333616667,439.40449395,493.945555,503.8640811,477.70584875,395.176457675
15321.082,23.961022325,24.6551109166667,39.9211111666667,82.2320542833333,247.703333616667,439.40449395,493.945555,503.8640811,477.70584875,395.176457675
15322.082,23.961022325,24.6551109166667,39.9211111666667,82.2320542833333,247.703333616667,439.40449395,493.945555,503.8640811,477.70584875,395.176457675
15323.082,23.961022325,24.6551109166667,39.9211111666667,82.2320542833333,247.703333616667,439.40449395,493.945555,503.8640811,477.70584875,395.176457675
15324.082,23.961022325,24.6551109166667,39.9211111666667,82.2320542833333,247.703333616667,439.40449395,493.945555,503.8640811,477.70584875,395.176457675
15325.082,23.961022325,24.6551109166667,39.9211111666667,82.2320542833333,247.703333616667,439.40449395,493.945555,503.8640811,477.70584875,395.176457675
15326.082,23.961022325,24.6551109166667,39.9211111666667,82.2320542833333,247.703333616667,439.40449395,493.945555,503.8640811,477.70584875,395.176457675
15327.082,23.961022325,24.6551109166667,39.9211111666667,82.2320542833333,247.703333616667,439.40449395,493.945555,503.8640811,477.70584875,395.176457675
15328.082,23.961022325,24.6551109166667,39.9211111666667,82.2320542833333,247.703333616667,439.40449395,493.945555,503.8640811,477.70584875,395.176457675
15329.082,23.961022325,24.6551109166667,39.9211111666667,82.2320542833333,247.703333616667,439.40449395,493.945555,503.8640811,477.70584875,395.176457675
15330.082,23.961022325,24.6551109166667,39.9211111666667,82.2320542833333,247.703333616667,439.40449395,493.945555,503.8640811,477.70584875,395.176457675
15331.082,23.961022325,24.6551109166667,39.9211111666667,82.2320542833333,247.703333616667,439.40449395,493.945555,503.8640811,477.70584875,395.176457675
15332.082,23.961022325,24.6551109166667,39.9211111666667,82.2320542833333,247.703333616667,439.40449395,493.945555,503.8640811,477.70584875,395.176457675
15333.082,23.961022325,24.6551109166667,39.9211111666667,82.2320542833333,247.703333616667,439.40449395,493.945555,503.8640811,477.70584875,395.176457675
15334.082,23.961022325,24.6551109166667,39.9211111666667,82.2320542833333,247.703333616667,439.40449395,493.945555,503.8640811,477.70584875,395.176457675
15335.082,23.961022325,24.6551109166667,39.9211111666667,82.2320542833333,247.703333616667,439.40449395,493.945555,503.8640811,477.70584875,395.176457675
15336.082,23.961022325,24.6551109166667,39.9211111666667,82.2320542833333,247.703333616667,439.40449395,493.945555,503.8640811,477.70584875,395.176457675
15337.082,23.961022325,24.6551109166667,39.9211111666667,82.2320542833333,247.703333616667,439.40449395,493.945555,503.8640811,477.70584875,395.176457675
15338.082,23.961022325,24.6551109166667,39.9211111666667,82.2320542833333,247.703333616667,439.40449395,493.945555,503.8640811,477.70584875,395.176457675
15339.082,23.961022325,24.6551109166667,39.9211111666667,82.2320542833333,247.703333616667,439.40449395,493.945555,503.8640811,477.70584875,395.176457675
15340.082,23.961022325,24.6551109166667,39.9211111666667,82.2320542833333,247.703333616667,439.40449395,493.945555,503.8640811,477.70584875,395.176457675
15341.082,23.961022325,24.6551109166667,39.9211111666667,82.2320542833333,247.703333616667,439.40449395,493.945555,503.8640811,477.70584875,395.176457675
15342.082,23.961022325,24.6551109166667,39.9211111666667,82.2320542833333,247.703333616667,439.40449395,493.945555,503.8640811,477.70584875,395.176457675
15343.082,23.961022325,24.6551109166667,39.9211111666667,82.2320542833333,247.703333616667,439.40449395,493.945555,503.8640811,477.70584875,395.176457675
15344.082,23.961022325,24.6551109166667,39.9211111666667,82.2320542833333,247.703333616667,439.40449395,493.945555,503.8640811,477.70584875,395.176457675
15345.082,23.961022325,24.6551109166667,39.9211111666667,82.2320542833333,247.703333616667,439.40449395,493.945555,503.8640811,477.70584875,395.176457675
15346.082,23.961022325,24.6551109166667,39.9211111666667,82.2320542833333,247.703333616667,439.40449395,493.945555,503.8640811,477.70584875,395.176457675
15347.082,23.961022325,24.6551109166667,39.9211111666667,82.2320542833333,247.703333616667,439.40449395,493.945555,503.8640811,477.70584875,395.176457675
15348.082,23.961022325,24.6551109166667,39.9211111666667,82.2320542833333,247.703333616667,439.40449395,493.945555,503.8640811,477.70584875,395.176457675
15349.082,23.961022325,24.6551109166667,39.9211111666667,82.2320542833333,247.703333616667,439.40449395,493.945555,503.8640811,477.70584875,395.176457675
15350.082,23.961022325,24.6551109166667,39.9211111666667,82.2320542833333,247.703333616667,439.40449395,493.945555,503.8640811,477.70584875,395.176457675
15351.082,23.961022325,24.6551109166667,39.9211111666667,82.2320542833333,247.703333616667,439.40449395,493.945555,503.8640811,477.70584875,395.176457675
15352.082,23.961022325,24.6551109166667,39.9211111666667,82.2320542833333,247.703333616667,439.40449395,493.945555,503.8640811,477.70584875,395.176457675
15353.082,23.961022325,24.6551109166667,39.9211111666667,82.2320542833333,247.703333616667,439.40449395,493.945555,503.8640811,477.70584875,395.176457675
15354.082,23.961022325,24.6551109166667,39.9211111666667,82.2320542833333,247.703333616667,439.40449395,493.945555,503.8640811,477.70584875,395.176457675
15355.082,23.961022325,24.6551109166667,39.9211111666667,82.2320542833333,247.703333616667,439.40449395,493.945555,503.8640811,477.70584875,395.176457675
15356.082,23.961022325,24.6551109166667,39.9211111666667,82.2320542833333,247.703333616667,439.40449395,493.945555,503.8640811,477.70584875,395.176457675
15357.082,23.961022325,24.6551109166667,39.9211111666667,82.2320542833333,247.703333616667,439.40449395,493.945555,503.8640811,477.70584875,395.176457675
15358.082,23.961022325,24.6551109166667,39.9211111666667,82.2320542833333,247.703333616667,439.40449395,493.945555,503.8640811,477.70584875,395.176457675
15359.082,23.961022325,24.6551109166667,39.9211111666667,82.2320542833333,247.703333616667,439.40449395,493.945555,503.8640811,477.70584875,395.176457675
15360.082,23.961022325,24.6551109166667,39.9211111666667,82.2320542833333,247.703333616667,439.40449395,493.945555,503.8640811,477.70584875,395.176457675
15361.082,23.961022325,24.6551109166667,39.9211111666667,82.2320542833333,247.703333616667,439.40449395,493.945555,503.8640811,477.70584875,395.176457675
15362.082,23.961022325,24.6551109166667,39.9211111666667,82.2320542833333,247.703333616667,439.40449395,493.945555,503.8640811,477.70584875,395.176457675
15363.082,23.961022325,24.6551109166667,39.9211111666667,82.2320542833333,247.703333616667,439.40449395,493.945555,503.8640811,477.70584875,395.176457675
15364.082,23.961022325,24.6551109166667,39.9211111666667,82.2320542833333,247.703333616667,439.40449395,493.945555,503.8640811,477.70584875,395.176457675
15365.082,23.961022325,24.6551109166667,39.9211111666667,82.2320542833333,247.703333616667,439.40449395,493.945555,503.8640811,477.70584875,395.176457675
15366.082,23.961022325,24.6551109166667,39.9211111666667,82.2320542833333,247.703333616667,439.40449395,493.945555,503.8640811,477.70584875,395.176457675
15367.082,23.961022325,24.6551109166667,39.9211111666667,82.2320542833333,247.703333616667,439.40449395,493.945555,503.8640811,477.70584875,395.176457675
15368.082,23.961022325,24.6551109166667,39.9211111666667,82.2320542833333,247.703333616667,439.40449395,493.945555,503.8640811,477.70584875,395.176457675
15369.082,23.961022325,24.6551109166667,39.9211111666667,82.2320542833333,247.703333616667,439.40449395,493.945555,503.8640811,477.70584875,395.176457675
15370.082,23.961022325,24.6551109166667,39.9211111666667,82.2320542833333,247.703333616667,439.40449395,493.945555,503.8640811,477.70584875,395.176457675
15371.082,23.961022325,24.6551109166667,39.9211111666667,82.2320542833333,247.703333616667,439.40449395,493.945555,503.8640811,477.70584875,395.176457675
15372.082,23.961022325,24.6551109166667,39.9211111666667,82.2320542833333,247.703333616667,439.40449395,493.945555,503.8640811,477.70584875,395.176457675
15373.082,23.961022325,24.6551109166667,39.9211111666667,82.2320542833333,247.703333616667,439.40449395,493.945555,503.8640811,477.70584875,395.176457675
15374.082,23.961022325,24.6551109166667,39.9211111666667,82.2320542833333,247.703333616667,439.40449395,493.945555,503.8640811,477.70584875,395.176457675
15375.082,23.961022325,24.6551109166667,39.9211111666667,82.2320542833333,247.703333616667,439.40449395,493.945555,503.8640811,477.70584875,395.176457675
15376.082,23.961022325,24.6551109166667,39.9211111666667,82.2320542833333,247.703333616667,439.40449395,493.945555,503.8640811,477.70584875,395.176457675
15377.082,23.961022325,24.6551109166667,39.9211111666667,82.2320542833333,247.703333616667,439.40449395,493.945555,503.8640811,477.70584875,395.176457675
15378.082,23.961022325,24.6551109166667,39.9211111666667,82.2320542833333,247.703333616667,439.40449395,493.945555,503.8640811,477.70584875,395.176457675
15379.082,23.961022325,24.6551109166667,39.9211111666667,82.2320542833333,247.703333616667,439.40449395,493.945555,503.8640811,477.70584875,395.176457675
15380.082,23.961022325,24.6551109166667,39.9211111666667,82.2320542833333,247.703333616667,439.40449395,493.945555,503.8640811,477.70584875,395.176457675
15381.082,23.961022325,24.6551109166667,39.9211111666667,82.2320542833333,247.703333616667,439.40449395,493.945555,503.8640811,477.70584875,395.176457675
15382.082,23.961022325,24.6551109166667,39.9211111666667,82.2320542833333,247.703333616667,439.40449395,493.945555,503.8640811,477.70584875,395.176457675
15383.082,23.961022325,24.6551109166667,39.9211111666667,82.2320542833333,247.703333616667,439.40449395,493.945555,503.8640811,477.70584875,395.176457675
15384.082,23.961022325,24.6551109166667,39.9211111666667,82.2320542833333,247.703333616667,439.40449395,493.945555,503.8640811,477.70584875,395.176457675
15385.082,23.961022325,24.6551109166667,39.9211111666667,82.2320542833333,247.703333616667,439.40449395,493.945555,503.8640811,477.70584875,395.176457675
15386.082,23.961022325,24.6551109166667,39.9211111666667,82.2320542833333,247.703333616667,439.40449395,493.945555,503.8640811,477.70584875,395.176457675
15387.082,23.961022325,24.6551109166667,39.9211111666667,82.2320542833333,247.703333616667,439.40449395,493.945555,503.8640811,477.70584875,395.176457675
15388.082,23.961022325,24.6551109166667,39.9211111666667,82.2320542833333,247.703333616667,439.40449395,493.945555,503.8640811,477.70584875,395.176457675
15389.082,23.961022325,24.6551109166667,39.9211111666667,82.2320542833333,247.703333616667,439.40449395,493.945555,503.8640811,477.70584875,395.176457675
15390.082,23.961022325,24.6551109166667,39.9211111666667,82.2320542833333,247.703333616667,439.40449395,493.945555,503.8640811,477.70584875,395.176457675
15391.082,23.961022325,24.6551109166667,39.9211111666667,82.2320542833333,247.703333616667,439.40449395,493.945555,503.8640811,477.70584875,395.176457675
15392.082,23.961022325,24.6551109166667,39.9211111666667,82.2320542833333,247.703333616667,439.40449395,493.945555,503.8640811,477.70584875,395.176457675
15393.082,23.961022325,24.6551109166667,39.9211111666667,82.2320542833333,247.703333616667,439.40449395,493.945555,503.8640811,477.70584875,395.176457675
15394.082,23.961022325,24.6551109166667,39.9211111666667,82.2320542833333,247.703333616667,439.40449395,493.945555,503.8640811,477.70584875,395.176457675
15395.082,23.961022325,24.6551109166667,39.9211111666667,82.2320542833333,247.703333616667,439.40449395,493.945555,503.8640811,477.70584875,395.176457675
15396.082,23.961022325,24.6551109166667,39.9211111666667,82.2320542833333,247.703333616667,439.40449395,493.945555,503.8640811,477.70584875,395.176457675
15397.082,23.961022325,24.6551109166667,39.9211111666667,82.2320542833333,247.703333616667,439.40449395,493.945555,503.8640811,477.70584875,395.176457675
15398.082,23.961022325,24.6551109166667,39.9211111666667,82.2320542833333,247.703333616667,439.40449395,493.945555,503.8640811,477.70584875,395.176457675
15399.082,23.961022325,24.6551109166667,39.9211111666667,82.2320542833333,247.703333616667,439.40449395,493.945555,503.8640811,477.70584875,395.176457675
15400.082,23.961022325,24.6551109166667,39.9211111666667,82.2320542833333,247.703333616667,439.40449395,493.945555,503.8640811,477.70584875,395.176457675
15401.082,23.961022325,24.6551109166667,39.9211111666667,82.2320542833333,247.703333616667,439.40449395,493.945555,503.8640811,477.70584875,395.176457675
15402.082,23.961022325,24.6551109166667,39.9211111666667,82.2320542833333,247.703333616667,439.40449395,493.945555,503.8640811,477.70584875,395.176457675
15403.082,23.961022325,24.6551109166667,39.9211111666667,82.2320542833333,247.703333616667,439.40449395,493.945555,503.8640811,477.70584875,395.176457675
15404.082,23.961022325,24.6551109166667,39.9211111666667,82.2320542833333,247.703333616667,439.40449395,493.945555,503.8640811,477.70584875,395.176457675
15405.082,23.961022325,24.6551109166667,39.9211111666667,82.2320542833333,247.703333616667,439.40449395,493.945555,503.8640811,477.70584875,395.176457675
15406.082,23.961022325,24.6551109166667,39.9211111666667,82.2320542833333,247.703333616667,439.40449395,493.945555,503.8640811,477.70584875,395.176457675
15407.082,23.961022325,24.6551109166667,39.9211111666667,82.2320542833333,247.703333616667,439.40449395,493.945555,503.8640811,477.70584875,395.176457675
15408.082,23.961022325,24.6551109166667,39.9211111666667,82.2320542833333,247.703333616667,439.40449395,493.945555,503.8640811,477.70584875,395.176457675
15409.082,23.961022325,24.6551109166667,39.9211111666667,82.2320542833333,247.703333616667,439.40449395,493.945555,503.8640811,477.70584875,395.176457675
15410.082,23.961022325,24.6551109166667,39.9211111666667,82.2320542833333,247.703333616667,439.40449395,493.945555,503.8640811,477.70584875,395.176457675
15411.082,23.961022325,24.6551109166667,39.9211111666667,82.2320542833333,247.703333616667,439.40449395,493.945555,503.8640811,477.70584875,395.176457675
15412.082,23.961022325,24.6551109166667,39.9211111666667,82.2320542833333,247.703333616667,439.40449395,493.945555,503.8640811,477.70584875,395.176457675
15413.082,23.961022325,24.6551109166667,39.9211111666667,82.2320542833333,247.703333616667,439.40449395,493.945555,503.8640811,477.70584875,395.176457675
15414.082,23.961022325,24.6551109166667,39.9211111666667,82.2320542833333,247.703333616667,439.40449395,493.945555,503.8640811,477.70584875,395.176457675
15415.082,23.961022325,24.6551109166667,39.9211111666667,82.2320542833333,247.703333616667,439.40449395,493.945555,503.8640811,477.70584875,395.176457675
15416.082,23.961022325,24.6551109166667,39.9211111666667,82.2320542833333,247.703333616667,439.40449395,493.945555,503.8640811,477.70584875,395.176457675
15417.082,23.961022325,24.6551109166667,39.9211111666667,82.2320542833333,247.703333616667,439.40449395,493.945555,503.8640811,477.70584875,395.176457675
15418.082,23.961022325,24.6551109166667,39.9211111666667,82.2320542833333,247.703333616667,439.40449395,493.945555,503.8640811,477.70584875,395.176457675
15419.082,23.961022325,24.6551109166667,39.9211111666667,82.2320542833333,247.703333616667,439.40449395,493.945555,503.8640811,477.70584875,395.176457675
15420.082,23.961022325,24.6551109166667,39.9211111666667,82.2320542833333,247.703333616667,439.40449395,493.945555,503.8640811,477.70584875,395.176457675
15421.082,23.961022325,24.6551109166667,39.9211111666667,82.2320542833333,247.703333616667,439.40449395,493.945555,503.8640811,477.70584875,395.176457675
15422.082,23.961022325,24.6551109166667,39.9211111666667,82.2320542833333,247.703333616667,439.40449395,493.945555,503.8640811,477.70584875,395.176457675
15423.082,23.961022325,24.6551109166667,39.9211111666667,82.2320542833333,247.703333616667,439.40449395,493.945555,503.8640811,477.70584875,395.176457675
15424.082,23.961022325,24.6551109166667,39.9211111666667,82.2320542833333,247.703333616667,439.40449395,493.945555,503.8640811,477.70584875,395.176457675
15425.082,23.961022325,24.6551109166667,39.9211111666667,82.2320542833333,247.703333616667,439.40449395,493.945555,503.8640811,477.70584875,395.176457675
15426.082,23.961022325,24.6551109166667,39.9211111666667,82.2320542833333,247.703333616667,439.40449395,493.945555,503.8640811,477.70584875,395.176457675
15427.082,23.961022325,24.6551109166667,39.9211111666667,82.2320542833333,247.703333616667,439.40449395,493.945555,503.8640811,477.70584875,395.176457675
15428.082,23.961022325,24.6551109166667,39.9211111666667,82.2320542833333,247.703333616667,439.40449395,493.945555,503.8640811,477.70584875,395.176457675
15429.082,23.961022325,24.6551109166667,39.9211111666667,82.2320542833333,247.703333616667,439.40449395,493.945555,503.8640811,477.70584875,395.176457675
15430.082,23.961022325,24.6551109166667,39.9211111666667,82.2320542833333,247.703333616667,439.40449395,493.945555,503.8640811,477.70584875,395.176457675
15431.082,23.961022325,24.6551109166667,39.9211111666667,82.2320542833333,247.703333616667,439.40449395,493.945555,503.8640811,477.70584875,395.176457675
15432.082,23.961022325,24.6551109166667,39.9211111666667,82.2320542833333,247.703333616667,439.40449395,493.945555,503.8640811,477.70584875,395.176457675
15433.082,23.961022325,24.6551109166667,39.9211111666667,82.2320542833333,247.703333616667,439.40449395,493.945555,503.8640811,477.70584875,395.176457675
15434.082,23.961022325,24.6551109166667,39.9211111666667,82.2320542833333,247.703333616667,439.40449395,493.945555,503.8640811,477.70584875,395.176457675
15435.082,23.961022325,24.6551109166667,39.9211111666667,82.2320542833333,247.703333616667,439.40449395,493.945555,503.8640811,477.70584875,395.176457675
15436.082,23.961022325,24.6551109166667,39.9211111666667,82.2320542833333,247.703333616667,439.40449395,493.945555,503.8640811,477.70584875,395.176457675
15437.082,23.961022325,24.6551109166667,39.9211111666667,82.2320542833333,247.703333616667,439.40449395,493.945555,503.8640811,477.70584875,395.176457675
15438.082,23.961022325,24.6551109166667,39.9211111666667,82.2320542833333,247.703333616667,439.40449395,493.945555,503.8640811,477.70584875,395.176457675
15439.082,23.961022325,24.6551109166667,39.9211111666667,82.2320542833333,247.703333616667,439.40449395,493.945555,503.8640811,477.70584875,395.176457675
15440.082,23.961022325,24.6551109166667,39.9211111666667,82.2320542833333,247.703333616667,439.40449395,493.945555,503.8640811,477.70584875,395.176457675
15441.082,23.961022325,24.6551109166667,39.9211111666667,82.2320542833333,247.703333616667,439.40449395,493.945555,503.8640811,477.70584875,395.176457675
15442.082,23.961022325,24.6551109166667,39.9211111666667,82.2320542833333,247.703333616667,439.40449395,493.945555,503.8640811,477.70584875,395.176457675
15443.082,23.961022325,24.6551109166667,39.9211111666667,82.2320542833333,247.703333616667,439.40449395,493.945555,503.8640811,477.70584875,395.176457675
15444.082,23.961022325,24.6551109166667,39.9211111666667,82.2320542833333,247.703333616667,439.40449395,493.945555,503.8640811,477.70584875,395.176457675
15445.082,23.961022325,24.6551109166667,39.9211111666667,82.2320542833333,247.703333616667,439.40449395,493.945555,503.8640811,477.70584875,395.176457675
15446.082,23.961022325,24.6551109166667,39.9211111666667,82.2320542833333,247.703333616667,439.40449395,493.945555,503.8640811,477.70584875,395.176457675
15447.082,23.961022325,24.6551109166667,39.9211111666667,82.2320542833333,247.703333616667,439.40449395,493.945555,503.8640811,477.70584875,395.176457675
15448.082,23.961022325,24.6551109166667,39.9211111666667,82.2320542833333,247.703333616667,439.40449395,493.945555,503.8640811,477.70584875,395.176457675
15449.082,23.961022325,24.6551109166667,39.9211111666667,82.2320542833333,247.703333616667,439.40449395,493.945555,503.8640811,477.70584875,395.176457675
15450.082,23.961022325,24.6551109166667,39.9211111666667,82.2320542833333,247.703333616667,439.40449395,493.945555,503.8640811,477.70584875,395.176457675
15451.082,23.961022325,24.6551109166667,39.9211111666667,82.2320542833333,247.703333616667,439.40449395,493.945555,503.8640811,477.70584875,395.176457675
15452.082,23.961022325,24.6551109166667,39.9211111666667,82.2320542833333,247.703333616667,439.40449395,493.945555,503.8640811,477.70584875,395.176457675
15453.082,23.961022325,24.6551109166667,39.9211111666667,82.2320542833333,247.703333616667,439.40449395,493.945555,503.8640811,477.70584875,395.176457675
15454.082,23.961022325,24.6551109166667,39.9211111666667,82.2320542833333,247.703333616667,439.40449395,493.945555,503.8640811,477.70584875,395.176457675
15455.082,23.961022325,24.6551109166667,39.9211111666667,82.2320542833333,247.703333616667,439.40449395,493.945555,503.8640811,477.70584875,395.176457675
15456.082,23.961022325,24.6551109166667,39.9211111666667,82.2320542833333,247.703333616667,439.40449395,493.945555,503.8640811,477.70584875,395.176457675
15457.082,23.961022325,24.6551109166667,39.9211111666667,82.2320542833333,247.703333616667,439.40449395,493.945555,503.8640811,477.70584875,395.176457675
15458.082,23.961022325,24.6551109166667,39.9211111666667,82.2320542833333,247.703333616667,439.40449395,493.945555,503.8640811,477.70584875,395.176457675
15459.082,23.961022325,24.6551109166667,39.9211111666667,82.2320542833333,247.703333616667,439.40449395,493.945555,503.8640811,477.70584875,395.176457675
15460.082,23.961022325,24.6551109166667,39.9211111666667,82.2320542833333,247.703333616667,439.40449395,493.945555,503.8640811,477.70584875,395.176457675
15461.082,23.961022325,24.6551109166667,39.9211111666667,82.2320542833333,247.703333616667,439.40449395,493.945555,503.8640811,477.70584875,395.176457675
15462.082,23.961022325,24.6551109166667,39.9211111666667,82.2320542833333,247.703333616667,439.40449395,493.945555,503.8640811,477.70584875,395.176457675
15463.082,23.961022325,24.6551109166667,39.9211111666667,82.2320542833333,247.703333616667,439.40449395,493.945555,503.8640811,477.70584875,395.176457675
15464.082,23.961022325,24.6551109166667,39.9211111666667,82.2320542833333,247.703333616667,439.40449395,493.945555,503.8640811,477.70584875,395.176457675
15465.082,23.961022325,24.6551109166667,39.9211111666667,82.2320542833333,247.703333616667,439.40449395,493.945555,503.8640811,477.70584875,395.176457675
15466.082,23.961022325,24.6551109166667,39.9211111666667,82.2320542833333,247.703333616667,439.40449395,493.945555,503.8640811,477.70584875,395.176457675
15467.082,23.961022325,24.6551109166667,39.9211111666667,82.2320542833333,247.703333616667,439.40449395,493.945555,503.8640811,477.70584875,395.176457675
15468.082,23.961022325,24.6551109166667,39.9211111666667,82.2320542833333,247.703333616667,439.40449395,493.945555,503.8640811,477.70584875,395.176457675
15469.082,23.961022325,24.6551109166667,39.9211111666667,82.2320542833333,247.703333616667,439.40449395,493.945555,503.8640811,477.70584875,395.176457675
15470.082,23.961022325,24.6551109166667,39.9211111666667,82.2320542833333,247.703333616667,439.40449395,493.945555,503.8640811,477.70584875,395.176457675
15471.082,23.961022325,24.6551109166667,39.9211111666667,82.2320542833333,247.703333616667,439.40449395,493.945555,503.8640811,477.70584875,395.176457675
15472.082,23.961022325,24.6551109166667,39.9211111666667,82.2320542833333,247.703333616667,439.40449395,493.945555,503.8640811,477.70584875,395.176457675
15473.082,23.961022325,24.6551109166667,39.9211111666667,82.2320542833333,247.703333616667,439.40449395,493.945555,503.8640811,477.70584875,395.176457675
15474.082,23.961022325,24.6551109166667,39.9211111666667,82.2320542833333,247.703333616667,439.40449395,493.945555,503.8640811,477.70584875,395.176457675
15475.082,23.961022325,24.6551109166667,39.9211111666667,82.2320542833333,247.703333616667,439.40449395,493.945555,503.8640811,477.70584875,395.176457675
15476.082,23.961022325,24.6551109166667,39.9211111666667,82.2320542833333,247.703333616667,439.40449395,493.945555,503.8640811,477.70584875,395.176457675
15477.082,23.961022325,24.6551109166667,39.9211111666667,82.2320542833333,247.703333616667,439.40449395,493.945555,503.8640811,477.70584875,395.176457675
15478.082,23.961022325,24.6551109166667,39.9211111666667,82.2320542833333,247.703333616667,439.40449395,493.945555,503.8640811,477.70584875,395.176457675
15479.082,23.961022325,24.6551109166667,39.9211111666667,82.2320542833333,247.703333616667,439.40449395,493.945555,503.8640811,477.70584875,395.176457675
15480.082,23.961022325,24.6551109166667,39.9211111666667,82.2320542833333,247.703333616667,439.40449395,493.945555,503.8640811,477.70584875,395.176457675
15481.082,23.961022325,24.6551109166667,39.9211111666667,82.2320542833333,247.703333616667,439.40449395,493.945555,503.8640811,477.70584875,395.176457675
15482.082,23.961022325,24.6551109166667,39.9211111666667,82.2320542833333,247.703333616667,439.40449395,493.945555,503.8640811,477.70584875,395.176457675
15483.082,23.961022325,24.6551109166667,39.9211111666667,82.2320542833333,247.703333616667,439.40449395,493.945555,503.8640811,477.70584875,395.176457675
15484.082,23.961022325,24.6551109166667,39.9211111666667,82.2320542833333,247.703333616667,439.40449395,493.945555,503.8640811,477.70584875,395.176457675
15485.082,23.961022325,24.6551109166667,39.9211111666667,82.2320542833333,247.703333616667,439.40449395,493.945555,503.8640811,477.70584875,395.176457675
15486.082,23.961022325,24.6551109166667,39.9211111666667,82.2320542833333,247.703333616667,439.40449395,493.945555,503.8640811,477.70584875,395.176457675
15487.082,23.961022325,24.6551109166667,39.9211111666667,82.2320542833333,247.703333616667,439.40449395,493.945555,503.8640811,477.70584875,395.176457675
15488.082,23.961022325,24.6551109166667,39.9211111666667,82.2320542833333,247.703333616667,439.40449395,493.945555,503.8640811,477.70584875,395.176457675
15489.082,23.961022325,24.6551109166667,39.9211111666667,82.2320542833333,247.703333616667,439.40449395,493.945555,503.8640811,477.70584875,395.176457675
15490.082,23.961022325,24.6551109166667,39.9211111666667,82.2320542833333,247.703333616667,439.40449395,493.945555,503.8640811,477.70584875,395.176457675
15491.082,23.961022325,24.6551109166667,39.9211111666667,82.2320542833333,247.703333616667,439.40449395,493.945555,503.8640811,477.70584875,395.176457675
15492.082,23.961022325,24.6551109166667,39.9211111666667,82.2320542833333,247.703333616667,439.40449395,493.945555,503.8640811,477.70584875,395.176457675
15493.082,23.961022325,24.6551109166667,39.9211111666667,82.2320542833333,247.703333616667,439.40449395,493.945555,503.8640811,477.70584875,395.176457675
15494.082,23.961022325,24.6551109166667,39.9211111666667,82.2320542833333,247.703333616667,439.40449395,493.945555,503.8640811,477.70584875,395.176457675
15495.082,23.961022325,24.6551109166667,39.9211111666667,82.2320542833333,247.703333616667,439.40449395,493.945555,503.8640811,477.70584875,395.176457675
15496.082,23.961022325,24.6551109166667,39.9211111666667,82.2320542833333,247.703333616667,439.40449395,493.945555,503.8640811,477.70584875,395.176457675
15497.082,23.961022325,24.6551109166667,39.9211111666667,82.2320542833333,247.703333616667,439.40449395,493.945555,503.8640811,477.70584875,395.176457675
15498.082,23.961022325,24.6551109166667,39.9211111666667,82.2320542833333,247.703333616667,439.40449395,493.945555,503.8640811,477.70584875,395.176457675
15499.082,23.961022325,24.6551109166667,39.9211111666667,82.2320542833333,247.703333616667,439.40449395,493.945555,503.8640811,477.70584875,395.176457675
15500.082,23.961022325,24.6551109166667,39.9211111666667,82.2320542833333,247.703333616667,439.40449395,493.945555,503.8640811,477.70584875,395.176457675
15501.082,23.961022325,24.6551109166667,39.9211111666667,82.2320542833333,247.703333616667,439.40449395,493.945555,503.8640811,477.70584875,395.176457675
15502.082,23.961022325,24.6551109166667,39.9211111666667,82.2320542833333,247.703333616667,439.40449395,493.945555,503.8640811,477.70584875,395.176457675
15503.082,23.961022325,24.6551109166667,39.9211111666667,82.2320542833333,247.703333616667,439.40449395,493.945555,503.8640811,477.70584875,395.176457675
15504.082,23.961022325,24.6551109166667,39.9211111666667,82.2320542833333,247.703333616667,439.40449395,493.945555,503.8640811,477.70584875,395.176457675
15505.082,23.961022325,24.6551109166667,39.9211111666667,82.2320542833333,247.703333616667,439.40449395,493.945555,503.8640811,477.70584875,395.176457675
15506.082,23.961022325,24.6551109166667,39.9211111666667,82.2320542833333,247.703333616667,439.40449395,493.945555,503.8640811,477.70584875,395.176457675
15507.082,23.961022325,24.6551109166667,39.9211111666667,82.2320542833333,247.703333616667,439.40449395,493.945555,503.8640811,477.70584875,395.176457675
15508.082,23.961022325,24.6551109166667,39.9211111666667,82.2320542833333,247.703333616667,439.40449395,493.945555,503.8640811,477.70584875,395.176457675
15509.082,23.961022325,24.6551109166667,39.9211111666667,82.2320542833333,247.703333616667,439.40449395,493.945555,503.8640811,477.70584875,395.176457675
15510.082,23.961022325,24.6551109166667,39.9211111666667,82.2320542833333,247.703333616667,439.40449395,493.945555,503.8640811,477.70584875,395.176457675
15511.082,23.961022325,24.6551109166667,39.9211111666667,82.2320542833333,247.703333616667,439.40449395,493.945555,503.8640811,477.70584875,395.176457675
15512.082,23.961022325,24.6551109166667,39.9211111666667,82.2320542833333,247.703333616667,439.40449395,493.945555,503.8640811,477.70584875,395.176457675
15513.082,23.961022325,24.6551109166667,39.9211111666667,82.2320542833333,247.703333616667,439.40449395,493.945555,503.8640811,477.70584875,395.176457675
15514.082,23.961022325,24.6551109166667,39.9211111666667,82.2320542833333,247.703333616667,439.40449395,493.945555,503.8640811,477.70584875,395.176457675
15515.082,23.961022325,24.6551109166667,39.9211111666667,82.2320542833333,247.703333616667,439.40449395,493.945555,503.8640811,477.70584875,395.176457675
15516.082,23.961022325,24.6551109166667,39.9211111666667,82.2320542833333,247.703333616667,439.40449395,493.945555,503.8640811,477.70584875,395.176457675
15517.082,23.961022325,24.6551109166667,39.9211111666667,82.2320542833333,247.703333616667,439.40449395,493.945555,503.8640811,477.70584875,395.176457675
15518.082,23.961022325,24.6551109166667,39.9211111666667,82.2320542833333,247.703333616667,439.40449395,493.945555,503.8640811,477.70584875,395.176457675
15519.082,23.961022325,24.6551109166667,39.9211111666667,82.2320542833333,247.703333616667,439.40449395,493.945555,503.8640811,477.70584875,395.176457675
15520.082,23.961022325,24.6551109166667,39.9211111666667,82.2320542833333,247.703333616667,439.40449395,493.945555,503.8640811,477.70584875,395.176457675
15521.082,23.961022325,24.6551109166667,39.9211111666667,82.2320542833333,247.703333616667,439.40449395,493.945555,503.8640811,477.70584875,395.176457675
15522.082,23.961022325,24.6551109166667,39.9211111666667,82.2320542833333,247.703333616667,439.40449395,493.945555,503.8640811,477.70584875,395.176457675
15523.082,23.961022325,24.6551109166667,39.9211111666667,82.2320542833333,247.703333616667,439.40449395,493.945555,503.8640811,477.70584875,395.176457675
15524.082,23.961022325,24.6551109166667,39.9211111666667,82.2320542833333,247.703333616667,439.40449395,493.945555,503.8640811,477.70584875,395.176457675
15525.082,23.961022325,24.6551109166667,39.9211111666667,82.2320542833333,247.703333616667,439.40449395,493.945555,503.8640811,477.70584875,395.176457675
15526.082,23.961022325,24.6551109166667,39.9211111666667,82.2320542833333,247.703333616667,439.40449395,493.945555,503.8640811,477.70584875,395.176457675
15527.082,23.961022325,24.6551109166667,39.9211111666667,82.2320542833333,247.703333616667,439.40449395,493.945555,503.8640811,477.70584875,395.176457675
15528.082,23.961022325,24.6551109166667,39.9211111666667,82.2320542833333,247.703333616667,439.40449395,493.945555,503.8640811,477.70584875,395.176457675
15529.082,23.961022325,24.6551109166667,39.9211111666667,82.2320542833333,247.703333616667,439.40449395,493.945555,503.8640811,477.70584875,395.176457675
15530.082,23.961022325,24.6551109166667,39.9211111666667,82.2320542833333,247.703333616667,439.40449395,493.945555,503.8640811,477.70584875,395.176457675
15531.082,23.961022325,24.6551109166667,39.9211111666667,82.2320542833333,247.703333616667,439.40449395,493.945555,503.8640811,477.70584875,395.176457675
15532.082,23.961022325,24.6551109166667,39.9211111666667,82.2320542833333,247.703333616667,439.40449395,493.945555,503.8640811,477.70584875,395.176457675
15533.082,23.961022325,24.6551109166667,39.9211111666667,82.2320542833333,247.703333616667,439.40449395,493.945555,503.8640811,477.70584875,395.176457675
15534.082,23.961022325,24.6551109166667,39.9211111666667,82.2320542833333,247.703333616667,439.40449395,493.945555,503.8640811,477.70584875,395.176457675
15535.082,23.961022325,24.6551109166667,39.9211111666667,82.2320542833333,247.703333616667,439.40449395,493.945555,503.8640811,477.70584875,395.176457675
15536.082,23.961022325,24.6551109166667,39.9211111666667,82.2320542833333,247.703333616667,439.40449395,493.945555,503.8640811,477.70584875,395.176457675
15537.082,23.961022325,24.6551109166667,39.9211111666667,82.2320542833333,247.703333616667,439.40449395,493.945555,503.8640811,477.70584875,395.176457675
15538.082,23.961022325,24.6551109166667,39.9211111666667,82.2320542833333,247.703333616667,439.40449395,493.945555,503.8640811,477.70584875,395.176457675
15539.082,23.961022325,24.6551109166667,39.9211111666667,82.2320542833333,247.703333616667,439.40449395,493.945555,503.8640811,477.70584875,395.176457675
15540.082,23.961022325,24.6551109166667,39.9211111666667,82.2320542833333,247.703333616667,439.40449395,493.945555,503.8640811,477.70584875,395.176457675
15541.082,23.961022325,24.6551109166667,39.9211111666667,82.2320542833333,247.703333616667,439.40449395,493.945555,503.8640811,477.70584875,395.176457675
15542.082,23.961022325,24.6551109166667,39.9211111666667,82.2320542833333,247.703333616667,439.40449395,493.945555,503.8640811,477.70584875,395.176457675
15543.082,23.961022325,24.6551109166667,39.9211111666667,82.2320542833333,247.703333616667,439.40449395,493.945555,503.8640811,477.70584875,395.176457675
15544.082,23.961022325,24.6551109166667,39.9211111666667,82.2320542833333,247.703333616667,439.40449395,493.945555,503.8640811,477.70584875,395.176457675
15545.082,23.961022325,24.6551109166667,39.9211111666667,82.2320542833333,247.703333616667,439.40449395,493.945555,503.8640811,477.70584875,395.176457675
15546.082,23.961022325,24.6551109166667,39.9211111666667,82.2320542833333,247.703333616667,439.40449395,493.945555,503.8640811,477.70584875,395.176457675
15547.082,23.961022325,24.6551109166667,39.9211111666667,82.2320542833333,247.703333616667,439.40449395,493.945555,503.8640811,477.70584875,395.176457675
15548.082,23.961022325,24.6551109166667,39.9211111666667,82.2320542833333,247.703333616667,439.40449395,493.945555,503.8640811,477.70584875,395.176457675
15549.082,23.961022325,24.6551109166667,39.9211111666667,82.2320542833333,247.703333616667,439.40449395,493.945555,503.8640811,477.70584875,395.176457675
15550.082,23.961022325,24.6551109166667,39.9211111666667,82.2320542833333,247.703333616667,439.40449395,493.945555,503.8640811,477.70584875,395.176457675
15551.082,23.961022325,24.6551109166667,39.9211111666667,82.2320542833333,247.703333616667,439.40449395,493.945555,503.8640811,477.70584875,395.176457675
15552.082,23.961022325,24.6551109166667,39.9211111666667,82.2320542833333,247.703333616667,439.40449395,493.945555,503.8640811,477.70584875,395.176457675
15553.082,23.961022325,24.6551109166667,39.9211111666667,82.2320542833333,247.703333616667,439.40449395,493.945555,503.8640811,477.70584875,395.176457675
15554.082,23.961022325,24.6551109166667,39.9211111666667,82.2320542833333,247.703333616667,439.40449395,493.945555,503.8640811,477.70584875,395.176457675
15555.082,23.961022325,24.6551109166667,39.9211111666667,82.2320542833333,247.703333616667,439.40449395,493.945555,503.8640811,477.70584875,395.176457675
15556.082,23.961022325,24.6551109166667,39.9211111666667,82.2320542833333,247.703333616667,439.40449395,493.945555,503.8640811,477.70584875,395.176457675
15557.082,23.961022325,24.6551109166667,39.9211111666667,82.2320542833333,247.703333616667,439.40449395,493.945555,503.8640811,477.70584875,395.176457675
15558.082,23.961022325,24.6551109166667,39.9211111666667,82.2320542833333,247.703333616667,439.40449395,493.945555,503.8640811,477.70584875,395.176457675
15559.082,23.961022325,24.6551109166667,39.9211111666667,82.2320542833333,247.703333616667,439.40449395,493.945555,503.8640811,477.70584875,395.176457675
15560.082,23.961022325,24.6551109166667,39.9211111666667,82.2320542833333,247.703333616667,439.40449395,493.945555,503.8640811,477.70584875,395.176457675
15561.082,23.961022325,24.6551109166667,39.9211111666667,82.2320542833333,247.703333616667,439.40449395,493.945555,503.8640811,477.70584875,395.176457675
15562.082,23.961022325,24.6551109166667,39.9211111666667,82.2320542833333,247.703333616667,439.40449395,493.945555,503.8640811,477.70584875,395.176457675
15563.082,23.961022325,24.6551109166667,39.9211111666667,82.2320542833333,247.703333616667,439.40449395,493.945555,503.8640811,477.70584875,395.176457675
15564.082,23.961022325,24.6551109166667,39.9211111666667,82.2320542833333,247.703333616667,439.40449395,493.945555,503.8640811,477.70584875,395.176457675
15565.082,23.961022325,24.6551109166667,39.9211111666667,82.2320542833333,247.703333616667,439.40449395,493.945555,503.8640811,477.70584875,395.176457675
15566.082,23.961022325,24.6551109166667,39.9211111666667,82.2320542833333,247.703333616667,439.40449395,493.945555,503.8640811,477.70584875,395.176457675
15567.082,23.961022325,24.6551109166667,39.9211111666667,82.2320542833333,247.703333616667,439.40449395,493.945555,503.8640811,477.70584875,395.176457675
15568.082,23.961022325,24.6551109166667,39.9211111666667,82.2320542833333,247.703333616667,439.40449395,493.945555,503.8640811,477.70584875,395.176457675
15569.082,23.961022325,24.6551109166667,39.9211111666667,82.2320542833333,247.703333616667,439.40449395,493.945555,503.8640811,477.70584875,395.176457675
15570.082,23.961022325,24.6551109166667,39.9211111666667,82.2320542833333,247.703333616667,439.40449395,493.945555,503.8640811,477.70584875,395.176457675
15571.082,23.961022325,24.6551109166667,39.9211111666667,82.2320542833333,247.703333616667,439.40449395,493.945555,503.8640811,477.70584875,395.176457675
15572.082,23.961022325,24.6551109166667,39.9211111666667,82.2320542833333,247.703333616667,439.40449395,493.945555,503.8640811,477.70584875,395.176457675
15573.082,23.961022325,24.6551109166667,39.9211111666667,82.2320542833333,247.703333616667,439.40449395,493.945555,503.8640811,477.70584875,395.176457675
15574.082,23.961022325,24.6551109166667,39.9211111666667,82.2320542833333,247.703333616667,439.40449395,493.945555,503.8640811,477.70584875,395.176457675
15575.082,23.961022325,24.6551109166667,39.9211111666667,82.2320542833333,247.703333616667,439.40449395,493.945555,503.8640811,477.70584875,395.176457675
15576.082,23.961022325,24.6551109166667,39.9211111666667,82.2320542833333,247.703333616667,439.40449395,493.945555,503.8640811,477.70584875,395.176457675
15577.082,23.961022325,24.6551109166667,39.9211111666667,82.2320542833333,247.703333616667,439.40449395,493.945555,503.8640811,477.70584875,395.176457675
15578.082,23.961022325,24.6551109166667,39.9211111666667,82.2320542833333,247.703333616667,439.40449395,493.945555,503.8640811,477.70584875,395.176457675
15579.082,23.961022325,24.6551109166667,39.9211111666667,82.2320542833333,247.703333616667,439.40449395,493.945555,503.8640811,477.70584875,395.176457675
15580.082,23.961022325,24.6551109166667,39.9211111666667,82.2320542833333,247.703333616667,439.40449395,493.945555,503.8640811,477.70584875,395.176457675
15581.082,23.961022325,24.6551109166667,39.9211111666667,82.2320542833333,247.703333616667,439.40449395,493.945555,503.8640811,477.70584875,395.176457675
15582.082,23.961022325,24.6551109166667,39.9211111666667,82.2320542833333,247.703333616667,439.40449395,493.945555,503.8640811,477.70584875,395.176457675
15583.082,23.961022325,24.6551109166667,39.9211111666667,82.2320542833333,247.703333616667,439.40449395,493.945555,503.8640811,477.70584875,395.176457675
15584.082,23.961022325,24.6551109166667,39.9211111666667,82.2320542833333,247.703333616667,439.40449395,493.945555,503.8640811,477.70584875,395.176457675
15585.082,23.961022325,24.6551109166667,39.9211111666667,82.2320542833333,247.703333616667,439.40449395,493.945555,503.8640811,477.70584875,395.176457675
15586.082,23.961022325,24.6551109166667,39.9211111666667,82.2320542833333,247.703333616667,439.40449395,493.945555,503.8640811,477.70584875,395.176457675
15587.082,23.961022325,24.6551109166667,39.9211111666667,82.2320542833333,247.703333616667,439.40449395,493.945555,503.8640811,477.70584875,395.176457675
15588.082,23.961022325,24.6551109166667,39.9211111666667,82.2320542833333,247.703333616667,439.40449395,493.945555,503.8640811,477.70584875,395.176457675
15589.082,23.961022325,24.6551109166667,39.9211111666667,82.2320542833333,247.703333616667,439.40449395,493.945555,503.8640811,477.70584875,395.176457675
15590.082,23.961022325,24.6551109166667,39.9211111666667,82.2320542833333,247.703333616667,439.40449395,493.945555,503.8640811,477.70584875,395.176457675
15591.082,23.961022325,24.6551109166667,39.9211111666667,82.2320542833333,247.703333616667,439.40449395,493.945555,503.8640811,477.70584875,395.176457675
15592.082,23.961022325,24.6551109166667,39.9211111666667,82.2320542833333,247.703333616667,439.40449395,493.945555,503.8640811,477.70584875,395.176457675
15593.082,23.961022325,24.6551109166667,39.9211111666667,82.2320542833333,247.703333616667,439.40449395,493.945555,503.8640811,477.70584875,395.176457675
15594.082,23.961022325,24.6551109166667,39.9211111666667,82.2320542833333,247.703333616667,439.40449395,493.945555,503.8640811,477.70584875,395.176457675
15595.082,23.961022325,24.6551109166667,39.9211111666667,82.2320542833333,247.703333616667,439.40449395,493.945555,503.8640811,477.70584875,395.176457675
15596.082,23.961022325,24.6551109166667,39.9211111666667,82.2320542833333,247.703333616667,439.40449395,493.945555,503.8640811,477.70584875,395.176457675
15597.082,23.961022325,24.6551109166667,39.9211111666667,82.2320542833333,247.703333616667,439.40449395,493.945555,503.8640811,477.70584875,395.176457675
15598.082,23.961022325,24.6551109166667,39.9211111666667,82.2320542833333,247.703333616667,439.40449395,493.945555,503.8640811,477.70584875,395.176457675
15599.082,23.961022325,24.6551109166667,39.9211111666667,82.2320542833333,247.703333616667,439.40449395,493.945555,503.8640811,477.70584875,395.176457675
15600.082,23.961022325,24.6551109166667,39.9211111666667,82.2320542833333,247.703333616667,439.40449395,493.945555,503.8640811,477.70584875,395.176457675
